current_price,predicted_price_7d,price_volatility_30d,storage_capacity_kg,quantity_kg,days_since_harvest,distance_to_nearest_buyer_km,rain_probability_pct,demand_score,label
36.22,33.71,0.1473,0.0,656.8,9,57.5,35.8,0.599,SELL_NOW
76.55,70.69,0.2033,0.0,2536.0,1,92.8,9.9,0.213,SELL_NOW
61.24,76.74,0.1924,500.0,2202.2,7,14.4,75.8,0.502,SELL_NOW
51.91,48.0,0.0469,5000.0,2694.8,5,92.7,59.6,0.613,SELL_NOW
20.92,19.58,0.0458,5000.0,440.9,15,83.3,27.4,0.645,SELL_NOW
20.92,24.68,0.0744,500.0,2971.6,17,89.5,25.3,0.429,AGGREGATE
14.07,14.42,0.0967,1000.0,707.3,16,88.7,97.6,0.169,WAIT
70.63,83.94,0.108,0.0,134.2,5,57.5,86.3,0.69,SELL_NOW
52.08,43.36,0.1731,0.0,2992.5,12,26.9,81.0,0.54,SELL_NOW
59.57,62.17,0.0236,500.0,915.1,13,65.3,12.8,0.223,WAIT
11.44,9.35,0.0183,500.0,2037.3,20,115.0,75.5,0.942,SELL_NOW
77.89,64.76,0.1041,1000.0,612.4,9,71.4,21.5,0.96,SELL_NOW
68.27,85.56,0.1773,5000.0,1782.7,10,3.3,97.7,0.871,SELL_NOW
24.86,21.62,0.0564,200.0,2721.7,12,9.0,5.2,0.859,SELL_NOW
22.73,24.23,0.164,5000.0,1028.5,11,119.2,35.2,0.189,WAIT
22.84,22.97,0.0724,0.0,2043.7,8,10.5,42.9,0.994,SELL_NOW
31.3,30.47,0.2227,500.0,644.9,3,7.4,82.4,0.46,SELL_NOW
46.73,58.41,0.225,1000.0,1911.9,6,43.7,76.6,0.247,SELL_NOW
40.24,32.63,0.0813,5000.0,1075.7,1,116.4,37.5,0.831,SELL_NOW
30.39,34.39,0.0652,1000.0,712.5,6,39.6,56.6,0.303,STORE
52.83,67.71,0.1087,5000.0,1008.2,8,50.4,83.6,0.574,WAIT
19.76,21.35,0.0677,0.0,618.6,4,76.8,1.8,0.215,AGGREGATE
30.45,38.62,0.1714,200.0,2715.6,14,4.8,80.2,0.527,SELL_NOW
35.65,29.45,0.2083,1000.0,1251.8,17,107.9,94.7,0.602,SELL_NOW
41.92,42.32,0.1715,1000.0,811.3,3,63.3,3.2,0.501,WAIT
64.96,60.42,0.2078,200.0,1400.4,18,57.1,4.6,0.163,SELL_NOW
23.98,27.94,0.1053,1000.0,1029.6,19,103.6,34.5,0.536,AGGREGATE
46.0,59.37,0.0475,1000.0,2258.8,6,114.5,8.8,0.522,AGGREGATE
51.47,47.78,0.1871,5000.0,2916.5,7,52.0,47.9,0.335,SELL_NOW
13.25,14.94,0.0965,5000.0,1370.3,16,22.3,72.9,0.929,SELL_NOW
52.53,47.23,0.1711,200.0,2597.0,12,98.3,56.7,0.476,SELL_NOW
21.94,23.75,0.075,0.0,1741.0,20,49.6,19.6,0.878,AGGREGATE
14.55,15.02,0.0295,1000.0,556.0,10,112.4,65.5,0.199,WAIT
76.42,98.28,0.2482,0.0,2102.8,0,114.1,68.5,0.387,SELL_NOW
77.59,85.68,0.0475,200.0,1589.0,1,15.5,93.2,0.259,SELL_NOW
66.59,64.91,0.2472,200.0,1986.8,16,114.9,14.7,0.468,SELL_NOW
31.32,26.85,0.2445,5000.0,2680.1,4,45.5,69.2,0.2,SELL_NOW
16.84,14.74,0.2005,1000.0,1377.3,5,78.3,91.1,0.497,SELL_NOW
57.9,52.84,0.1683,500.0,2713.4,6,6.1,50.2,0.418,SELL_NOW
40.81,37.77,0.1487,200.0,2276.9,20,106.9,36.2,0.301,SELL_NOW
18.54,22.72,0.2179,1000.0,1517.0,14,77.7,17.1,0.678,AGGREGATE
44.66,48.26,0.0795,0.0,1849.3,18,77.9,86.7,0.956,SELL_NOW
12.41,13.17,0.1222,5000.0,1044.2,15,108.5,39.4,0.286,WAIT
73.65,63.15,0.1587,0.0,2952.4,12,62.0,92.5,0.741,SELL_NOW
28.11,34.58,0.1087,200.0,2035.3,4,50.4,84.8,0.768,SELL_NOW
56.38,65.48,0.1126,200.0,227.2,2,104.2,37.7,0.548,AGGREGATE
31.82,26.53,0.0893,0.0,1047.2,2,89.6,57.4,0.908,SELL_NOW
46.4,53.55,0.1454,200.0,1907.6,18,114.0,2.7,0.97,AGGREGATE
48.27,51.73,0.2141,1000.0,263.4,13,112.9,26.3,0.426,WAIT
22.94,19.29,0.0584,200.0,169.3,15,47.1,71.0,0.686,SELL_NOW
77.87,80.14,0.2343,5000.0,1405.1,16,54.7,67.8,0.696,WAIT
64.26,66.98,0.1754,1000.0,1064.8,3,32.2,35.3,0.463,WAIT
75.76,66.89,0.2076,500.0,1371.1,12,80.0,80.9,0.385,SELL_NOW
72.64,92.46,0.1435,200.0,861.8,7,45.0,23.6,0.94,AGGREGATE
51.85,63.52,0.1971,200.0,577.7,18,94.8,46.1,0.811,AGGREGATE
74.53,84.56,0.0139,5000.0,2098.5,4,16.3,47.3,0.203,STORE
16.19,16.7,0.2064,5000.0,1592.3,1,15.7,34.1,0.208,WAIT
23.72,23.86,0.0196,0.0,680.4,14,26.1,95.5,0.93,SELL_NOW
13.17,14.82,0.2236,0.0,1026.8,1,11.9,69.7,0.173,SELL_NOW
32.77,35.16,0.2481,0.0,1816.2,10,75.2,53.9,0.72,WAIT
37.21,30.92,0.0806,5000.0,309.5,12,19.4,51.1,0.304,SELL_NOW
28.99,30.63,0.0605,0.0,527.6,9,20.9,15.9,0.132,WAIT
68.01,81.83,0.1937,0.0,312.4,2,3.7,37.2,0.154,AGGREGATE
34.97,36.01,0.0707,500.0,2455.7,4,94.3,67.3,0.436,SELL_NOW
29.67,24.5,0.2177,0.0,2282.0,2,97.9,92.5,0.17,SELL_NOW
47.99,57.26,0.0347,200.0,2284.6,5,21.1,81.6,0.637,SELL_NOW
19.86,17.89,0.0402,5000.0,2177.3,12,89.3,30.0,0.683,SELL_NOW
66.15,61.48,0.245,1000.0,2041.2,9,53.2,43.4,0.436,SELL_NOW
15.22,13.43,0.1717,500.0,1483.3,18,30.3,8.3,0.769,SELL_NOW
79.08,76.32,0.2133,5000.0,1962.6,7,75.3,10.2,0.541,WAIT
64.06,75.48,0.0878,5000.0,211.2,17,23.1,47.0,0.487,STORE
23.91,25.34,0.1724,200.0,1902.2,2,91.3,53.0,0.466,WAIT
10.39,9.37,0.1526,0.0,2355.8,16,7.6,26.4,0.488,SELL_NOW
67.08,83.11,0.1548,200.0,1551.0,7,115.2,64.3,0.971,SELL_NOW
59.48,73.74,0.1738,0.0,1136.8,9,10.5,70.3,0.713,SELL_NOW
61.03,75.39,0.1481,0.0,904.5,1,70.4,29.9,0.384,AGGREGATE
63.99,58.83,0.113,5000.0,1964.1,11,108.5,75.8,0.76,SELL_NOW
15.18,15.57,0.0762,0.0,2109.1,5,3.4,20.6,0.397,WAIT
35.09,45.36,0.1945,500.0,2625.8,1,60.8,54.4,0.213,AGGREGATE
18.11,21.48,0.0643,500.0,1092.8,20,43.3,80.4,0.528,SELL_NOW
70.42,57.29,0.1762,500.0,2332.3,2,70.5,53.7,0.776,SELL_NOW
53.63,44.65,0.066,5000.0,1727.9,16,28.6,90.8,0.44,SELL_NOW
33.16,34.22,0.1601,200.0,2660.2,6,9.7,5.9,0.882,SELL_NOW
14.45,18.13,0.1893,1000.0,1630.7,20,75.9,58.8,0.448,AGGREGATE
31.77,33.97,0.0625,0.0,1601.1,4,51.2,56.2,0.415,WAIT
32.76,34.37,0.0244,1000.0,1775.8,0,75.5,66.0,0.998,SELL_NOW
61.07,52.08,0.0414,200.0,2273.0,7,26.8,83.3,0.534,SELL_NOW
54.63,61.64,0.1554,200.0,2897.6,11,42.0,72.6,0.825,SELL_NOW
72.1,87.32,0.2139,5000.0,313.3,13,68.3,79.0,0.824,SELL_NOW
43.06,42.63,0.0208,500.0,255.0,15,72.0,28.9,0.934,WAIT
18.37,21.82,0.1862,500.0,2818.9,9,45.9,38.7,0.176,AGGREGATE
59.93,76.84,0.0919,200.0,1636.6,14,35.0,62.7,0.344,SELL_NOW
63.25,57.05,0.1248,5000.0,1883.2,20,34.3,55.3,0.791,SELL_NOW
49.29,52.33,0.2329,5000.0,1499.0,14,22.6,96.1,0.606,WAIT
63.97,60.36,0.0897,0.0,371.6,9,40.4,18.7,0.604,SELL_NOW
44.57,53.32,0.1217,500.0,2327.5,20,25.5,35.1,0.25,AGGREGATE
46.59,50.73,0.0133,200.0,2267.0,6,76.8,57.3,0.353,AGGREGATE
39.93,44.61,0.0296,1000.0,1003.9,2,69.1,86.8,0.569,SELL_NOW
11.78,14.12,0.0721,500.0,988.1,1,47.1,92.9,0.349,SELL_NOW
17.55,17.52,0.0167,0.0,2529.7,5,40.4,33.6,0.289,WAIT
12.2,15.34,0.1615,5000.0,309.8,20,30.0,6.7,0.179,STORE
54.55,58.18,0.1123,200.0,2655.2,8,65.2,42.2,0.24,WAIT
32.0,28.13,0.1416,500.0,844.3,9,110.4,39.4,0.792,SELL_NOW
45.6,52.35,0.0519,1000.0,1819.7,3,82.9,98.6,0.747,SELL_NOW
73.53,87.99,0.081,0.0,2814.4,2,89.8,43.1,0.141,AGGREGATE
27.45,26.31,0.1693,0.0,2066.6,8,100.5,30.6,0.283,WAIT
38.73,47.58,0.2417,500.0,1301.8,16,43.5,36.5,0.604,AGGREGATE
62.89,78.8,0.0221,1000.0,2099.6,13,9.4,39.7,0.39,AGGREGATE
26.02,24.41,0.2237,0.0,1097.5,9,75.5,82.2,0.841,SELL_NOW
15.39,19.88,0.1485,200.0,904.0,12,24.3,8.1,0.806,AGGREGATE
30.28,26.36,0.1453,0.0,2990.4,11,69.1,31.7,0.902,SELL_NOW
21.29,19.18,0.1301,1000.0,2277.3,0,89.3,96.6,0.607,SELL_NOW
75.08,66.98,0.0267,5000.0,1969.7,18,94.5,15.3,0.417,SELL_NOW
66.57,83.01,0.0316,5000.0,1130.3,18,37.6,74.3,0.645,WAIT
54.34,61.25,0.1542,500.0,242.6,5,62.5,35.6,0.18,STORE
71.0,62.2,0.0918,1000.0,190.1,12,75.3,58.2,0.109,SELL_NOW
66.26,67.59,0.2301,0.0,1707.1,18,98.7,10.0,0.115,SELL_NOW
23.06,25.54,0.1076,0.0,2309.9,12,91.8,30.6,0.467,AGGREGATE
72.48,61.01,0.0444,5000.0,1658.4,20,118.6,50.1,0.305,SELL_NOW
47.75,59.27,0.1815,5000.0,2538.3,3,3.0,23.2,0.242,STORE
66.52,79.94,0.0804,200.0,196.9,1,53.6,54.2,0.654,WAIT
72.73,76.55,0.1361,5000.0,1163.6,14,32.2,22.0,0.996,SELL_NOW
32.26,41.41,0.1775,200.0,787.5,11,16.1,65.0,0.26,SELL_NOW
17.7,17.86,0.2261,0.0,1397.1,6,109.6,90.4,0.592,SELL_NOW
25.96,33.54,0.2001,200.0,309.9,19,119.8,8.5,0.208,AGGREGATE
39.9,45.24,0.1723,200.0,2867.0,17,23.3,21.7,0.941,AGGREGATE
67.26,75.15,0.1731,500.0,747.4,12,6.5,84.4,0.363,SELL_NOW
70.25,62.03,0.237,5000.0,2774.7,16,34.5,63.2,0.891,SELL_NOW
10.49,13.01,0.081,200.0,1335.1,3,100.5,7.9,0.355,AGGREGATE
45.75,46.38,0.0103,0.0,2958.0,13,36.7,48.6,0.825,SELL_NOW
39.22,34.56,0.0753,1000.0,1706.8,19,8.7,21.0,0.288,SELL_NOW
25.55,20.6,0.0623,200.0,2799.4,12,8.2,19.9,0.364,SELL_NOW
18.39,19.86,0.1688,5000.0,115.5,2,52.4,94.1,0.273,WAIT
33.63,35.78,0.1621,500.0,2269.9,17,112.0,76.2,0.338,SELL_NOW
76.0,88.14,0.1524,0.0,2718.8,13,35.7,69.6,0.851,SELL_NOW
32.62,40.62,0.0139,500.0,505.2,14,52.4,23.9,0.675,AGGREGATE
46.32,38.89,0.1849,1000.0,378.8,2,14.0,11.9,0.465,SELL_NOW
59.21,69.03,0.0876,200.0,1331.3,0,60.2,87.1,0.974,SELL_NOW
35.45,31.69,0.1696,200.0,2807.7,16,84.2,0.6,0.518,SELL_NOW
78.02,95.9,0.1436,5000.0,1672.9,2,34.0,38.8,0.973,SELL_NOW
77.37,93.58,0.0923,200.0,1629.6,13,37.0,27.8,0.277,AGGREGATE
27.62,29.57,0.0423,0.0,509.3,2,101.4,57.0,0.914,SELL_NOW
44.81,51.76,0.0327,1000.0,102.3,12,3.2,25.1,0.112,STORE
31.06,29.73,0.2096,500.0,2449.4,14,77.1,31.1,0.591,WAIT
29.94,31.0,0.2304,1000.0,354.0,17,48.5,85.0,0.481,WAIT
12.58,15.23,0.1659,200.0,1938.2,13,37.2,60.3,0.573,SELL_NOW
52.67,54.23,0.0348,500.0,2752.4,20,79.6,14.6,0.598,SELL_NOW
45.19,44.23,0.1065,5000.0,705.1,2,100.5,72.6,0.45,WAIT
13.6,14.24,0.1849,1000.0,2029.3,18,67.9,20.7,0.998,SELL_NOW
29.51,35.82,0.1972,500.0,328.2,7,5.7,43.3,0.979,SELL_NOW
73.58,71.19,0.0384,500.0,1850.9,3,56.4,64.7,0.966,SELL_NOW
26.77,23.74,0.01,500.0,575.4,3,56.6,27.2,0.981,SELL_NOW
20.14,23.29,0.1809,0.0,2234.3,18,66.2,38.4,0.814,AGGREGATE
44.26,53.69,0.0956,1000.0,973.6,10,81.2,73.4,0.99,SELL_NOW
79.0,67.17,0.0711,500.0,1443.8,0,4.3,93.8,0.903,SELL_NOW
26.94,24.79,0.0131,1000.0,1838.3,7,61.2,52.9,0.474,SELL_NOW
57.05,49.69,0.1397,500.0,596.7,14,71.4,1.0,0.806,SELL_NOW
63.31,61.67,0.2143,5000.0,2250.7,0,42.5,33.8,0.921,WAIT
26.63,27.31,0.2398,5000.0,977.7,6,80.9,39.9,0.741,WAIT
60.98,71.61,0.1458,5000.0,2020.9,20,28.9,33.9,0.481,STORE
35.74,40.23,0.1335,200.0,559.0,19,39.4,43.6,0.159,AGGREGATE
54.26,60.26,0.0304,500.0,2095.5,19,115.6,63.3,0.829,SELL_NOW
54.35,53.05,0.1417,200.0,471.7,10,43.1,12.1,0.957,WAIT
47.5,57.99,0.1012,1000.0,1333.5,13,42.9,27.3,0.426,AGGREGATE
16.32,16.9,0.1557,200.0,816.9,15,72.3,50.8,0.237,SELL_NOW
68.47,88.3,0.1033,1000.0,2270.3,13,116.6,31.6,0.394,AGGREGATE
32.45,36.25,0.0677,1000.0,859.9,11,118.0,99.1,0.624,WAIT
23.06,19.9,0.0328,1000.0,2657.0,16,70.4,43.1,0.385,SELL_NOW
12.85,14.63,0.0856,200.0,2686.3,13,2.1,87.0,0.65,SELL_NOW
51.36,49.44,0.0332,500.0,669.7,9,108.3,89.7,0.97,SELL_NOW
57.43,65.65,0.0525,200.0,1880.2,13,69.3,83.6,0.704,SELL_NOW
11.16,9.32,0.247,500.0,354.4,17,45.2,4.7,0.426,SELL_NOW
45.85,40.69,0.1166,500.0,1235.5,8,99.8,94.8,0.942,SELL_NOW
25.85,31.75,0.1376,1000.0,2168.6,16,49.2,12.9,0.609,AGGREGATE
55.16,50.4,0.2197,200.0,2012.3,5,6.0,3.4,0.216,SELL_NOW
22.21,27.06,0.2489,500.0,1911.6,7,98.9,41.4,0.549,AGGREGATE
58.37,54.84,0.1499,5000.0,919.4,12,66.4,19.5,0.688,SELL_NOW
37.07,41.57,0.205,500.0,1196.3,17,41.9,18.4,0.854,AGGREGATE
75.57,86.69,0.0885,5000.0,398.5,4,31.6,28.8,0.943,SELL_NOW
19.63,20.73,0.0834,200.0,2185.2,5,72.1,24.8,0.386,WAIT
33.87,32.27,0.1066,200.0,1561.3,20,26.5,68.5,0.24,SELL_NOW
17.94,16.26,0.1714,200.0,2155.4,18,40.2,18.7,0.166,SELL_NOW
74.73,61.02,0.1737,500.0,821.9,3,77.1,54.3,0.765,SELL_NOW
71.41,67.98,0.0857,0.0,1040.9,6,106.0,98.6,0.816,SELL_NOW
28.06,31.61,0.042,500.0,1069.2,3,64.9,43.2,0.468,AGGREGATE
56.2,71.32,0.1618,500.0,174.7,10,91.6,64.2,0.456,STORE
67.21,83.04,0.0408,1000.0,1089.0,11,92.0,96.9,0.959,SELL_NOW
48.86,57.81,0.1488,1000.0,2429.6,13,80.4,13.8,0.925,AGGREGATE
47.08,56.22,0.1764,500.0,2702.2,12,31.0,41.9,0.31,AGGREGATE
26.93,30.5,0.1781,5000.0,1602.8,9,104.3,85.0,0.803,SELL_NOW
16.52,15.36,0.1908,1000.0,1421.0,17,53.5,93.2,0.66,SELL_NOW
72.81,91.27,0.2195,500.0,189.4,15,7.2,60.1,0.239,STORE
73.03,82.91,0.13,0.0,2649.7,4,30.9,14.3,0.421,AGGREGATE
54.32,58.67,0.1853,5000.0,137.7,7,92.3,90.1,0.26,WAIT
33.73,28.86,0.1586,200.0,2839.8,13,10.2,17.4,0.366,SELL_NOW
34.44,35.26,0.0548,500.0,1518.7,4,19.4,35.3,0.654,WAIT
60.82,62.65,0.0162,500.0,1091.6,7,83.9,37.6,0.438,WAIT
72.8,89.71,0.0783,5000.0,2780.2,5,107.3,44.7,0.455,STORE
72.1,77.38,0.1163,1000.0,170.7,15,76.8,79.0,0.586,WAIT
64.59,63.96,0.1581,1000.0,1786.1,3,28.2,80.2,0.179,SELL_NOW
54.94,70.79,0.214,1000.0,1691.9,11,8.3,72.0,0.765,SELL_NOW
15.89,13.59,0.0571,200.0,736.0,10,74.6,2.2,0.462,SELL_NOW
21.31,21.55,0.0401,5000.0,1343.8,2,7.6,56.5,0.532,WAIT
72.9,59.85,0.2412,5000.0,1991.6,11,74.3,74.7,0.977,SELL_NOW
52.45,61.36,0.0359,1000.0,2208.7,4,28.6,44.5,0.41,AGGREGATE
10.64,13.4,0.1248,1000.0,102.1,5,108.7,94.5,0.683,WAIT
17.1,16.08,0.1505,0.0,2816.9,18,58.1,82.4,0.453,SELL_NOW
56.45,69.38,0.1399,0.0,577.1,17,28.4,63.8,0.905,SELL_NOW
10.35,9.8,0.0306,500.0,777.4,15,102.7,6.2,0.862,SELL_NOW
21.26,26.69,0.0237,500.0,864.1,10,32.0,65.2,0.317,SELL_NOW
48.41,56.98,0.0353,5000.0,209.7,4,38.2,91.2,0.723,WAIT
58.43,70.26,0.1505,5000.0,456.9,8,100.4,37.9,0.159,STORE
55.64,45.01,0.1406,200.0,2960.4,2,38.4,83.8,0.967,SELL_NOW
25.7,32.93,0.0661,200.0,1014.1,7,50.4,31.3,0.414,AGGREGATE
59.85,69.63,0.1631,0.0,434.4,5,43.0,57.0,0.849,AGGREGATE
26.61,25.34,0.2068,500.0,410.3,3,15.7,64.8,0.387,WAIT
32.78,39.82,0.02,0.0,2186.4,11,6.6,67.8,0.669,SELL_NOW
62.25,58.57,0.1296,0.0,2578.2,11,87.5,88.3,0.985,SELL_NOW
55.47,68.59,0.1754,500.0,845.2,20,78.1,23.5,0.889,AGGREGATE
69.45,59.47,0.0706,200.0,160.6,15,35.3,26.2,0.244,SELL_NOW
56.03,64.54,0.0839,500.0,747.0,9,36.9,70.4,0.593,SELL_NOW
49.78,53.28,0.1573,1000.0,263.9,13,113.5,17.7,0.414,WAIT
16.56,14.04,0.2255,1000.0,399.8,12,118.5,46.4,0.491,SELL_NOW
35.74,32.91,0.2044,1000.0,1351.4,8,57.9,2.0,0.402,SELL_NOW
28.56,23.03,0.15,5000.0,766.8,6,96.7,14.1,0.402,SELL_NOW
27.08,28.01,0.1853,200.0,1596.2,11,88.9,67.9,0.588,SELL_NOW
78.11,74.25,0.0976,200.0,835.1,4,37.1,74.7,0.273,SELL_NOW
37.52,41.24,0.1638,5000.0,2827.6,17,8.9,11.5,0.584,WAIT
72.44,68.72,0.1219,0.0,2727.2,3,18.8,22.8,0.351,SELL_NOW
54.18,51.47,0.0556,1000.0,1743.7,1,100.9,9.9,0.36,SELL_NOW
65.64,76.9,0.1784,1000.0,1127.8,2,88.3,43.3,0.765,AGGREGATE
45.18,37.24,0.1436,0.0,1205.3,11,80.4,12.6,0.127,SELL_NOW
50.38,63.05,0.0961,500.0,1294.4,2,17.4,43.7,0.443,AGGREGATE
44.48,54.53,0.2287,500.0,2210.0,3,77.5,73.2,0.467,SELL_NOW
23.67,26.84,0.015,200.0,1409.8,5,93.1,68.3,0.537,SELL_NOW
60.57,66.42,0.0858,5000.0,2584.5,11,103.6,28.0,0.702,WAIT
29.65,36.95,0.0237,200.0,2837.9,18,3.6,67.4,0.433,SELL_NOW
11.7,10.45,0.194,500.0,1074.2,9,82.8,92.8,0.292,SELL_NOW
55.18,46.33,0.1785,0.0,1726.0,0,4.3,34.8,0.896,SELL_NOW
22.4,20.6,0.0895,200.0,375.7,16,85.4,32.9,0.983,SELL_NOW
75.83,90.79,0.1722,1000.0,681.4,15,77.0,57.1,0.118,STORE
76.78,62.75,0.105,1000.0,1299.1,8,19.5,24.6,0.592,SELL_NOW
74.04,80.81,0.1915,0.0,698.0,20,92.4,65.2,0.408,SELL_NOW
35.91,46.6,0.119,500.0,2642.0,8,10.1,83.2,0.349,SELL_NOW
11.08,13.61,0.1089,1000.0,559.0,8,99.5,45.9,0.402,STORE
74.98,79.54,0.2343,1000.0,1421.4,11,32.9,68.0,0.675,SELL_NOW
39.97,33.25,0.0702,5000.0,1856.5,8,83.3,65.2,0.272,SELL_NOW
77.67,94.42,0.0389,200.0,2106.4,14,111.0,3.9,0.922,AGGREGATE
77.45,85.16,0.1503,500.0,1210.9,1,42.1,18.3,0.52,AGGREGATE
69.71,59.77,0.2426,200.0,2620.4,10,61.3,89.4,0.393,SELL_NOW
30.61,25.93,0.1007,500.0,1748.1,10,56.6,93.9,0.789,SELL_NOW
36.96,46.37,0.0249,1000.0,1374.6,7,20.6,78.0,0.115,SELL_NOW
69.58,78.94,0.0914,5000.0,295.0,5,71.7,92.1,0.489,STORE
32.18,39.09,0.1314,200.0,1447.6,20,89.7,30.6,0.42,AGGREGATE
21.86,27.1,0.0489,1000.0,2480.1,19,110.2,24.8,0.404,AGGREGATE
48.98,53.18,0.1679,500.0,1882.2,6,102.4,38.4,0.403,AGGREGATE
75.53,79.97,0.2495,200.0,2513.3,2,62.2,5.5,0.128,WAIT
58.72,59.62,0.1184,200.0,1532.6,7,86.8,81.0,0.237,SELL_NOW
49.9,47.83,0.0951,1000.0,443.5,17,96.5,98.4,0.228,WAIT
16.8,17.09,0.1062,200.0,139.6,16,60.2,82.4,0.99,SELL_NOW
53.05,62.97,0.0376,5000.0,979.3,10,15.6,55.5,0.12,STORE
79.3,87.31,0.222,5000.0,2124.2,1,53.7,29.5,0.25,STORE
19.81,24.68,0.1096,1000.0,2391.8,20,101.4,19.8,0.977,AGGREGATE
46.28,47.29,0.1029,500.0,957.7,18,72.4,36.4,0.665,SELL_NOW
71.42,78.81,0.1683,1000.0,1537.4,6,87.5,66.7,0.506,SELL_NOW
61.85,69.01,0.1161,5000.0,1321.2,17,23.9,44.7,0.171,STORE
58.79,64.43,0.1656,0.0,1290.5,7,115.8,93.4,0.703,SELL_NOW
59.17,68.13,0.0247,0.0,770.9,13,49.7,85.4,0.224,SELL_NOW
35.16,32.31,0.2053,200.0,495.5,6,79.1,10.2,0.704,SELL_NOW
30.55,32.27,0.2357,200.0,670.4,20,4.2,13.2,0.981,SELL_NOW
66.66,56.8,0.1657,0.0,260.5,3,17.0,67.6,0.579,SELL_NOW
66.71,66.19,0.2391,5000.0,674.6,16,94.3,23.1,0.293,WAIT
70.7,73.79,0.0463,200.0,126.7,4,116.2,79.1,0.663,WAIT
73.93,83.25,0.1246,1000.0,1919.0,11,39.8,59.1,0.562,AGGREGATE
45.79,58.4,0.1544,1000.0,1017.5,8,6.4,23.0,0.58,AGGREGATE
45.11,49.63,0.1496,5000.0,2922.1,19,44.6,47.9,0.53,WAIT
65.88,77.2,0.1064,200.0,661.8,12,4.1,40.6,0.706,AGGREGATE
55.5,58.45,0.0911,1000.0,1102.9,17,24.7,87.3,0.615,SELL_NOW
59.14,66.06,0.0404,200.0,1137.7,19,90.8,3.2,0.988,AGGREGATE
65.71,54.89,0.104,200.0,124.5,8,112.6,89.6,0.843,SELL_NOW
72.3,67.04,0.049,1000.0,2533.7,3,12.3,65.2,0.338,SELL_NOW
33.66,33.02,0.1862,0.0,192.8,20,67.8,73.8,0.753,SELL_NOW
36.29,37.61,0.0601,1000.0,2826.5,7,32.0,0.3,0.293,WAIT
16.58,13.64,0.0241,5000.0,2687.0,0,18.4,62.8,0.804,SELL_NOW
50.48,43.92,0.1426,500.0,1653.0,16,27.8,58.8,0.233,SELL_NOW
12.52,11.75,0.1529,1000.0,1676.4,8,70.2,53.7,0.526,SELL_NOW
42.59,54.76,0.2193,200.0,1996.0,19,9.7,78.6,0.812,SELL_NOW
47.99,46.34,0.1485,200.0,1222.4,12,53.2,55.6,0.352,WAIT
30.06,31.29,0.0929,1000.0,1976.9,1,18.0,85.7,0.853,SELL_NOW
51.36,46.12,0.2027,500.0,229.8,12,34.2,23.3,0.68,SELL_NOW
12.14,13.41,0.1397,1000.0,256.7,8,24.5,80.6,0.458,STORE
12.61,11.86,0.029,500.0,1426.0,19,106.2,17.9,0.481,SELL_NOW
67.58,61.06,0.1458,500.0,1693.9,5,85.5,81.3,0.933,SELL_NOW
35.21,37.27,0.2279,5000.0,2674.7,0,104.5,94.0,0.296,WAIT
18.89,15.17,0.1051,200.0,403.5,4,47.2,33.6,0.724,SELL_NOW
46.56,37.42,0.0811,200.0,2485.7,2,39.0,53.0,0.737,SELL_NOW
63.9,58.12,0.0444,500.0,709.1,3,46.9,65.8,0.93,SELL_NOW
25.11,20.55,0.0463,200.0,1242.8,0,4.2,7.9,0.742,SELL_NOW
53.6,45.78,0.1139,0.0,1018.1,13,87.5,49.4,0.626,SELL_NOW
15.97,15.49,0.153,500.0,1260.5,8,43.3,36.1,0.912,WAIT
13.62,16.36,0.0293,200.0,536.4,3,39.0,87.2,0.846,SELL_NOW
47.19,51.25,0.2355,0.0,1560.4,17,72.6,87.7,0.745,SELL_NOW
47.84,50.54,0.1912,5000.0,2424.8,13,53.5,70.1,0.129,WAIT
54.62,51.71,0.1508,200.0,1380.4,3,117.7,65.6,0.436,SELL_NOW
60.83,77.0,0.2088,0.0,1522.8,9,44.0,73.4,0.669,SELL_NOW
78.31,78.19,0.0292,1000.0,2561.4,2,74.4,36.6,0.57,WAIT
46.14,38.92,0.1244,1000.0,2147.6,6,38.8,40.5,0.387,SELL_NOW
32.61,36.15,0.1612,0.0,1522.3,9,118.9,55.4,0.23,AGGREGATE
65.66,56.27,0.2089,500.0,847.3,12,54.5,93.8,0.598,SELL_NOW
28.96,28.17,0.198,500.0,2666.3,3,76.8,72.4,0.357,SELL_NOW
40.73,42.92,0.0765,200.0,1773.4,17,17.0,55.1,0.31,SELL_NOW
15.49,19.17,0.2358,1000.0,741.3,10,88.5,77.0,0.459,STORE
11.77,12.33,0.0398,500.0,880.4,3,33.8,37.1,0.807,SELL_NOW
77.39,89.08,0.22,500.0,2429.1,13,54.9,73.0,0.539,SELL_NOW
68.52,88.83,0.243,1000.0,228.0,17,106.2,41.1,0.295,STORE
58.72,50.83,0.0525,5000.0,2977.1,7,116.5,28.0,0.205,SELL_NOW
38.63,36.21,0.1833,500.0,478.0,9,52.1,61.0,0.549,SELL_NOW
22.13,22.07,0.0197,0.0,2408.6,4,100.5,68.7,0.815,SELL_NOW
20.95,21.18,0.1073,200.0,1244.8,6,8.3,45.9,0.688,WAIT
27.52,27.67,0.1339,500.0,1527.4,11,102.0,56.6,0.309,WAIT
48.45,60.74,0.1494,500.0,2653.9,2,76.3,69.4,0.493,SELL_NOW
60.02,69.45,0.2346,5000.0,1297.4,3,59.7,76.8,0.87,SELL_NOW
56.21,62.06,0.1713,0.0,1658.7,9,107.0,89.6,0.26,SELL_NOW
29.6,28.25,0.1255,200.0,243.0,3,101.7,35.5,0.579,WAIT
76.84,93.12,0.2043,500.0,106.8,14,37.0,95.1,0.421,STORE
61.65,78.76,0.2381,200.0,809.9,9,95.4,63.7,0.212,SELL_NOW
48.8,59.08,0.0153,1000.0,2073.7,20,13.7,78.8,0.145,SELL_NOW
52.82,42.3,0.2458,500.0,451.7,15,99.1,70.0,0.6,SELL_NOW
39.37,44.03,0.0307,500.0,429.9,14,81.7,20.6,0.119,STORE
27.34,22.57,0.2055,1000.0,1291.8,18,12.4,7.1,0.193,SELL_NOW
34.92,32.43,0.0773,5000.0,1978.7,19,82.6,72.6,0.413,SELL_NOW
63.05,52.32,0.0417,500.0,2165.0,18,70.5,51.1,0.139,SELL_NOW
11.01,12.13,0.1156,200.0,617.5,17,72.2,70.2,0.46,SELL_NOW
18.13,20.72,0.1645,0.0,330.8,11,36.3,47.7,0.217,AGGREGATE
13.22,11.33,0.1014,200.0,2827.2,15,33.4,31.2,0.415,SELL_NOW
12.85,12.75,0.0231,5000.0,855.9,0,92.0,28.5,0.812,WAIT
69.88,71.85,0.1539,0.0,2574.7,15,32.3,73.1,0.664,SELL_NOW
59.26,58.34,0.2266,200.0,2604.1,1,54.7,27.7,0.501,WAIT
43.19,37.17,0.102,200.0,2340.3,14,84.0,71.5,0.183,SELL_NOW
16.85,17.01,0.0619,1000.0,589.6,6,11.4,38.4,0.657,WAIT
44.41,52.21,0.1162,5000.0,2483.2,0,72.2,77.1,0.247,STORE
43.14,36.05,0.0216,1000.0,2330.8,4,71.5,14.3,0.169,SELL_NOW
22.12,18.59,0.2069,0.0,1830.5,9,82.7,20.5,0.698,SELL_NOW
40.37,39.46,0.2083,1000.0,1077.9,20,45.7,68.6,0.921,SELL_NOW
37.9,48.16,0.1511,5000.0,861.3,3,55.0,56.0,0.515,WAIT
53.11,60.24,0.0947,500.0,453.5,13,40.9,20.4,0.137,STORE
54.46,62.04,0.2019,500.0,1578.3,12,97.4,90.3,0.892,SELL_NOW
13.17,12.92,0.1431,0.0,1797.3,0,17.4,27.6,0.16,WAIT
36.22,39.73,0.2082,500.0,1142.1,15,115.6,42.1,0.881,AGGREGATE
53.81,43.32,0.1616,1000.0,1478.5,8,76.9,20.2,0.453,SELL_NOW
45.22,50.56,0.1983,0.0,1154.2,15,106.7,38.8,0.429,AGGREGATE
69.95,87.91,0.1537,5000.0,1958.9,18,52.3,49.2,0.589,WAIT
56.11,62.07,0.1094,0.0,2713.7,14,41.2,29.5,0.961,AGGREGATE
21.41,26.48,0.2399,0.0,575.4,13,108.3,76.9,0.909,SELL_NOW
14.94,17.36,0.1399,200.0,1206.1,19,13.7,39.4,0.523,AGGREGATE
54.97,47.29,0.1552,200.0,508.5,9,15.8,73.0,0.726,SELL_NOW
11.86,14.83,0.0629,0.0,1912.3,20,37.3,20.7,0.622,AGGREGATE
51.0,42.5,0.1602,500.0,2213.7,11,115.3,37.7,0.724,SELL_NOW
75.82,80.89,0.1472,200.0,2802.5,0,76.7,0.8,0.846,SELL_NOW
50.28,43.8,0.0544,5000.0,908.7,20,67.4,75.9,0.131,SELL_NOW
37.17,29.96,0.0243,1000.0,2855.6,16,85.2,62.6,0.393,SELL_NOW
55.03,55.64,0.155,200.0,283.5,8,51.3,81.8,0.963,SELL_NOW
42.08,39.87,0.1933,0.0,1848.7,18,91.5,45.6,0.954,SELL_NOW
48.19,50.27,0.1356,500.0,265.7,17,48.4,80.0,0.11,WAIT
75.9,82.63,0.0644,1000.0,2691.9,6,99.5,64.8,0.281,SELL_NOW
37.03,30.43,0.17,200.0,1636.4,8,33.5,0.4,0.994,SELL_NOW
77.28,66.58,0.0292,500.0,2041.1,20,34.8,25.4,0.544,SELL_NOW
73.37,79.19,0.116,500.0,2511.6,11,63.6,49.4,0.616,WAIT
23.71,23.03,0.0492,500.0,535.9,6,52.8,61.9,0.25,SELL_NOW
14.86,17.3,0.0543,0.0,211.9,13,78.5,6.6,0.905,AGGREGATE
17.05,19.21,0.0586,5000.0,2648.8,14,45.0,70.5,0.308,STORE
11.28,13.79,0.1028,500.0,1013.3,14,29.2,54.4,0.271,AGGREGATE
16.61,19.04,0.0223,1000.0,474.0,5,57.4,52.6,0.305,STORE
57.81,58.68,0.1055,200.0,1458.5,20,68.2,29.2,0.928,SELL_NOW
14.98,17.03,0.1328,1000.0,1835.1,13,18.8,59.5,0.733,AGGREGATE
32.33,30.31,0.126,0.0,189.8,1,67.7,2.7,0.792,SELL_NOW
69.14,65.9,0.1019,0.0,897.2,7,39.7,6.5,0.439,WAIT
11.63,13.89,0.2114,1000.0,195.1,12,48.3,73.4,0.918,SELL_NOW
67.01,68.57,0.0449,5000.0,1319.0,5,35.0,32.2,0.81,SELL_NOW
29.73,35.65,0.1314,0.0,2695.8,4,111.9,34.7,0.776,AGGREGATE
18.27,22.13,0.0249,0.0,2949.7,4,82.6,20.8,0.974,AGGREGATE
58.77,72.22,0.0271,1000.0,1947.4,0,33.0,44.6,0.43,AGGREGATE
54.03,67.98,0.1477,0.0,568.7,8,78.1,5.2,0.65,AGGREGATE
71.42,72.53,0.1458,5000.0,2727.0,5,102.1,30.0,0.919,SELL_NOW
61.45,58.96,0.2207,5000.0,1597.1,19,49.4,52.7,0.812,WAIT
66.24,72.28,0.1439,5000.0,545.9,6,99.9,46.6,0.607,WAIT
29.74,29.31,0.2403,200.0,2773.0,8,20.2,100.0,0.169,SELL_NOW
22.42,24.67,0.0217,5000.0,2296.7,4,99.1,38.9,0.687,WAIT
62.54,72.1,0.0335,5000.0,2221.9,13,65.8,38.7,0.574,WAIT
66.48,76.06,0.0206,200.0,2156.6,4,28.3,50.4,0.266,AGGREGATE
79.34,78.33,0.0545,500.0,681.0,7,50.0,19.0,0.894,WAIT
38.88,34.35,0.1399,0.0,711.9,6,118.6,87.6,0.409,SELL_NOW
36.04,36.59,0.1649,5000.0,2096.0,12,94.5,57.2,0.449,WAIT
64.35,56.07,0.0209,0.0,737.2,12,69.9,19.2,0.705,SELL_NOW
33.86,42.15,0.237,1000.0,1372.1,7,15.6,79.3,0.54,SELL_NOW
75.15,73.12,0.2121,0.0,2367.8,10,51.3,3.4,0.18,WAIT
70.09,61.48,0.0812,200.0,2373.5,17,33.0,98.3,0.449,SELL_NOW
40.03,32.53,0.0285,0.0,1414.5,18,10.4,86.5,0.185,SELL_NOW
62.56,70.25,0.0508,0.0,2397.4,5,66.0,58.0,0.272,AGGREGATE
62.82,70.26,0.0405,0.0,2532.0,1,106.9,11.1,0.106,AGGREGATE
17.22,16.71,0.0396,500.0,1998.8,12,81.7,21.5,0.263,WAIT
73.18,61.17,0.1345,500.0,762.4,10,31.5,27.9,0.397,SELL_NOW
45.37,45.59,0.069,1000.0,894.6,0,69.7,24.1,0.584,WAIT
67.85,64.84,0.096,200.0,1013.0,1,113.3,49.8,0.927,WAIT
32.4,36.89,0.2475,0.0,438.7,16,87.3,94.5,0.586,SELL_NOW
72.69,80.17,0.1742,0.0,892.2,7,83.4,44.4,0.735,AGGREGATE
37.24,36.58,0.2378,0.0,707.6,1,116.2,66.2,0.422,SELL_NOW
10.76,9.78,0.0442,0.0,1420.5,5,96.3,68.9,0.776,SELL_NOW
73.38,94.95,0.1017,500.0,2734.5,4,18.1,87.2,0.658,SELL_NOW
16.39,16.83,0.1431,1000.0,403.0,15,43.0,3.4,0.514,WAIT
32.35,37.02,0.0284,5000.0,2188.8,7,115.9,40.4,0.274,STORE
76.5,66.58,0.011,200.0,2093.1,18,59.8,78.5,0.373,SELL_NOW
76.54,79.82,0.1709,0.0,377.7,15,15.2,81.5,0.659,SELL_NOW
50.14,40.8,0.164,1000.0,2775.5,12,56.1,92.7,0.483,SELL_NOW
54.23,57.09,0.1086,5000.0,1748.6,19,84.2,70.3,0.9,SELL_NOW
41.39,53.06,0.1275,1000.0,1154.8,6,119.7,24.5,0.311,AGGREGATE
30.52,30.28,0.1097,500.0,2294.0,15,40.2,50.6,0.166,SELL_NOW
33.01,27.05,0.0158,5000.0,846.4,15,62.7,3.2,0.63,SELL_NOW
57.08,46.54,0.0905,1000.0,2111.2,11,105.8,64.7,0.897,SELL_NOW
62.67,62.29,0.0525,500.0,215.2,13,43.9,55.4,0.428,WAIT
65.41,57.56,0.0336,1000.0,2534.3,17,14.9,66.7,0.683,SELL_NOW
65.27,52.98,0.2396,1000.0,1399.7,17,114.0,93.0,0.308,SELL_NOW
16.38,19.3,0.1538,5000.0,1946.4,15,59.6,68.7,0.603,WAIT
44.61,45.91,0.1849,500.0,741.6,19,61.3,32.0,0.808,SELL_NOW
14.03,13.25,0.0857,0.0,2063.5,15,75.3,19.9,0.88,SELL_NOW
48.47,60.59,0.1044,200.0,2339.5,12,2.4,85.5,0.195,SELL_NOW
40.91,35.1,0.0669,5000.0,1472.3,8,111.9,19.4,0.421,SELL_NOW
72.14,92.19,0.0333,500.0,1891.4,8,44.7,16.2,0.676,AGGREGATE
34.56,33.08,0.053,1000.0,1423.3,12,48.8,20.7,0.131,WAIT
18.19,22.64,0.2014,500.0,2692.9,3,22.5,50.9,0.722,AGGREGATE
20.01,22.04,0.1726,200.0,1543.8,8,46.6,12.4,0.575,AGGREGATE
63.31,76.81,0.1413,200.0,2541.2,14,96.9,93.8,0.36,SELL_NOW
53.28,68.83,0.124,0.0,2423.9,13,96.4,96.6,0.833,SELL_NOW
17.08,16.13,0.2314,0.0,1290.5,18,112.4,97.4,0.361,SELL_NOW
15.89,20.34,0.0275,200.0,767.2,11,49.6,3.9,0.992,AGGREGATE
59.07,58.76,0.0773,5000.0,1277.6,20,85.6,94.6,0.835,WAIT
15.09,14.98,0.094,5000.0,2496.0,5,61.9,99.7,0.737,WAIT
67.53,65.52,0.1978,1000.0,760.1,2,96.9,94.2,0.155,WAIT
59.44,63.64,0.2482,0.0,1620.9,19,86.1,67.1,0.914,SELL_NOW
15.69,13.77,0.0678,1000.0,2437.7,15,45.4,70.1,0.811,SELL_NOW
15.94,17.16,0.2198,0.0,1125.1,19,41.7,12.2,0.306,SELL_NOW
79.06,84.67,0.2093,200.0,1962.4,16,31.8,87.4,0.453,SELL_NOW
36.2,42.75,0.0639,5000.0,812.3,15,70.0,6.0,0.342,STORE
35.94,43.74,0.1058,5000.0,416.9,5,115.7,31.8,0.986,SELL_NOW
66.9,68.25,0.1083,200.0,2403.7,7,25.6,99.1,0.869,SELL_NOW
76.31,72.58,0.2448,1000.0,387.0,18,13.2,42.2,0.937,WAIT
79.02,73.46,0.0534,1000.0,887.0,1,16.1,13.1,0.81,SELL_NOW
62.74,56.29,0.2018,500.0,2579.8,13,94.4,96.9,0.511,SELL_NOW
36.34,30.12,0.0902,0.0,1104.8,11,43.3,98.4,0.285,SELL_NOW
15.85,15.39,0.1854,1000.0,2921.8,16,28.5,18.7,0.287,SELL_NOW
64.4,60.22,0.1108,200.0,2941.2,14,43.6,86.5,0.237,SELL_NOW
49.09,62.99,0.1488,1000.0,878.0,17,78.1,39.0,0.592,WAIT
39.7,42.83,0.2098,5000.0,218.8,15,66.5,38.1,0.928,SELL_NOW
73.44,71.51,0.203,0.0,2144.7,12,89.7,26.3,0.993,WAIT
17.78,19.39,0.2179,500.0,1407.9,20,42.0,4.5,0.359,AGGREGATE
44.48,38.68,0.0243,0.0,392.2,16,55.3,26.8,0.728,SELL_NOW
10.79,11.03,0.1761,5000.0,2151.8,7,14.0,5.4,0.637,WAIT
42.81,47.65,0.0436,5000.0,190.4,0,10.6,92.4,0.54,WAIT
13.94,14.56,0.1098,5000.0,2623.6,2,56.5,66.2,0.699,WAIT
18.32,18.33,0.1417,5000.0,502.1,15,37.6,88.7,0.434,WAIT
18.23,23.64,0.1067,200.0,469.2,1,74.3,71.7,0.95,SELL_NOW
55.44,68.76,0.1347,500.0,609.4,14,7.1,13.1,0.735,AGGREGATE
62.22,69.17,0.2492,5000.0,2884.8,0,16.4,94.1,0.779,SELL_NOW
50.84,55.14,0.0425,5000.0,2110.2,8,104.1,90.0,0.318,WAIT
77.35,85.89,0.1721,1000.0,2424.0,15,68.8,34.8,0.252,AGGREGATE
36.24,32.64,0.105,500.0,1253.1,3,86.0,11.2,0.455,SELL_NOW
30.0,29.93,0.0419,0.0,1075.3,11,101.4,70.4,0.79,SELL_NOW
70.8,58.04,0.0481,500.0,780.0,0,56.7,72.8,0.945,SELL_NOW
25.65,26.62,0.2378,500.0,1493.9,0,91.8,89.7,0.485,SELL_NOW
77.43,82.96,0.2211,500.0,1700.3,6,63.9,5.3,0.797,SELL_NOW
10.85,9.92,0.2277,5000.0,1932.1,17,28.3,14.2,0.523,SELL_NOW
77.89,99.86,0.248,5000.0,845.6,14,41.8,59.8,0.366,STORE
13.02,16.34,0.06,200.0,2851.1,12,59.9,61.9,0.765,SELL_NOW
72.38,84.04,0.0953,0.0,592.3,15,39.4,3.4,0.818,AGGREGATE
46.94,50.07,0.1706,1000.0,2900.4,6,41.6,39.7,0.283,WAIT
79.51,98.19,0.1261,500.0,143.1,15,41.8,58.4,0.375,STORE
15.17,13.12,0.1104,0.0,1495.3,12,16.5,73.8,0.545,SELL_NOW
48.77,58.29,0.0959,0.0,1066.8,13,12.0,31.6,0.268,AGGREGATE
77.85,67.14,0.1525,200.0,1402.5,16,7.5,48.4,0.936,SELL_NOW
46.62,55.81,0.1481,1000.0,1754.9,11,15.1,81.4,0.632,SELL_NOW
54.06,50.7,0.0487,500.0,1363.2,19,42.6,95.4,0.209,SELL_NOW
58.7,72.71,0.1232,1000.0,1303.1,12,72.1,23.0,0.266,AGGREGATE
41.82,53.19,0.1428,200.0,2224.9,19,24.2,25.3,0.959,AGGREGATE
53.93,47.16,0.1469,5000.0,2089.0,14,106.8,94.0,0.764,SELL_NOW
50.9,52.5,0.0604,0.0,2516.5,20,97.4,39.6,0.761,SELL_NOW
73.08,94.31,0.1881,500.0,824.9,3,63.4,71.8,0.165,SELL_NOW
13.18,13.73,0.016,5000.0,1867.6,1,87.5,61.2,0.906,SELL_NOW
29.67,36.54,0.0952,200.0,1797.1,17,45.2,28.6,0.499,AGGREGATE
76.53,83.75,0.1973,1000.0,1172.2,1,6.3,65.4,0.694,SELL_NOW
72.32,71.43,0.1453,0.0,1509.6,14,108.7,65.6,0.964,SELL_NOW
41.9,39.5,0.0727,500.0,1010.0,18,17.1,59.2,0.19,SELL_NOW
53.41,48.15,0.1768,5000.0,511.3,14,113.9,10.0,0.534,SELL_NOW
29.42,34.74,0.1462,5000.0,720.0,19,69.5,99.5,0.145,STORE
23.17,23.01,0.2011,0.0,406.0,9,38.1,40.0,0.55,WAIT
42.46,44.82,0.1864,1000.0,2080.9,19,60.5,63.8,0.327,SELL_NOW
34.73,36.34,0.1564,200.0,2016.1,10,61.2,88.6,0.92,SELL_NOW
50.86,55.36,0.1272,1000.0,2856.8,9,4.7,42.3,0.459,AGGREGATE
15.44,19.04,0.042,1000.0,2216.1,4,43.9,77.4,0.67,SELL_NOW
78.21,100.92,0.0727,1000.0,250.9,8,89.3,97.2,0.874,SELL_NOW
79.03,79.33,0.1106,0.0,2664.3,19,62.2,35.9,0.985,SELL_NOW
58.87,71.46,0.1538,0.0,2601.8,18,30.8,40.5,0.553,AGGREGATE
47.53,56.19,0.1333,200.0,1385.6,12,41.5,90.6,0.51,SELL_NOW
31.67,34.41,0.0792,1000.0,1799.0,17,103.8,16.0,0.168,AGGREGATE
66.97,85.58,0.0116,0.0,2930.6,16,64.0,2.9,0.111,AGGREGATE
57.93,52.15,0.1291,200.0,1643.7,5,64.3,90.9,0.648,SELL_NOW
21.38,18.27,0.0786,200.0,2725.4,9,115.5,82.2,0.159,SELL_NOW
73.76,90.51,0.1863,1000.0,340.8,1,39.9,97.3,0.442,STORE
67.58,68.9,0.0157,500.0,654.1,5,58.6,5.8,0.103,WAIT
76.49,93.58,0.1504,1000.0,1378.2,20,97.8,15.6,0.654,AGGREGATE
60.8,75.79,0.236,500.0,1795.8,12,91.6,10.5,0.483,AGGREGATE
52.94,44.0,0.0519,200.0,2467.1,17,33.4,68.3,0.214,SELL_NOW
39.28,48.77,0.1232,0.0,2966.0,6,19.8,60.6,0.367,SELL_NOW
75.29,77.11,0.0319,5000.0,1227.7,1,84.7,35.9,0.613,WAIT
70.62,74.52,0.1602,200.0,237.5,13,32.4,5.7,0.691,WAIT
13.17,14.66,0.1421,0.0,2423.4,4,110.9,64.0,0.516,SELL_NOW
11.85,14.96,0.1078,200.0,1852.7,17,17.3,57.0,0.824,AGGREGATE
36.35,29.43,0.1351,1000.0,675.8,10,39.6,11.3,0.201,SELL_NOW
66.74,69.3,0.2252,500.0,1535.0,9,8.5,90.9,0.176,SELL_NOW
79.11,90.49,0.0571,200.0,2252.7,10,85.0,19.9,0.14,AGGREGATE
20.53,23.84,0.0154,0.0,2334.2,1,107.2,74.4,0.582,SELL_NOW
51.59,59.13,0.2168,1000.0,1548.9,14,77.0,88.5,0.736,SELL_NOW
36.66,31.79,0.1485,5000.0,985.1,6,112.7,57.9,0.217,SELL_NOW
77.89,73.98,0.2238,1000.0,2923.9,8,17.2,24.7,0.675,SELL_NOW
68.95,67.53,0.1533,500.0,2023.8,4,12.4,30.9,0.529,WAIT
68.68,82.57,0.2044,1000.0,1283.9,6,100.9,88.6,0.989,SELL_NOW
42.81,40.21,0.1131,5000.0,913.3,19,103.0,29.8,0.746,SELL_NOW
39.04,35.34,0.19,0.0,2220.2,1,100.1,74.6,0.692,SELL_NOW
29.14,37.26,0.2291,200.0,802.3,2,96.3,99.0,0.613,SELL_NOW
13.95,11.22,0.1473,500.0,598.0,1,44.7,100.0,0.998,SELL_NOW
70.53,91.61,0.0534,5000.0,1636.5,20,27.7,53.3,0.982,SELL_NOW
66.9,76.16,0.0745,500.0,941.0,18,111.6,82.7,0.584,SELL_NOW
79.98,97.11,0.0577,1000.0,1923.8,3,38.2,99.0,0.51,SELL_NOW
79.76,75.56,0.0692,500.0,442.0,19,49.0,37.5,0.516,SELL_NOW
48.88,39.45,0.0835,5000.0,1999.3,6,84.5,25.2,0.486,SELL_NOW
63.83,74.61,0.1432,200.0,921.6,6,36.6,11.4,0.578,AGGREGATE
76.13,92.66,0.1511,200.0,100.7,16,98.7,14.1,0.346,STORE
69.48,81.3,0.1124,500.0,468.1,18,10.3,85.4,0.934,SELL_NOW
27.31,23.8,0.1577,0.0,2807.5,15,95.4,58.9,0.541,SELL_NOW
41.54,48.88,0.0296,500.0,2615.3,2,73.0,87.4,0.858,SELL_NOW
19.04,22.55,0.0311,1000.0,777.5,14,69.6,78.9,0.528,WAIT
76.78,86.71,0.0512,200.0,2357.3,13,56.1,67.4,0.746,SELL_NOW
52.43,62.03,0.1343,200.0,1864.9,14,34.7,60.9,0.403,SELL_NOW
26.0,31.8,0.0614,200.0,2915.6,13,56.8,4.8,0.662,AGGREGATE
57.02,63.11,0.078,0.0,1183.5,6,55.1,87.2,0.549,SELL_NOW
53.27,44.98,0.1061,0.0,2076.2,2,70.9,41.8,0.43,SELL_NOW
35.07,36.61,0.2048,5000.0,284.3,16,35.2,56.0,0.893,SELL_NOW
17.95,15.06,0.0133,500.0,1249.1,9,11.2,2.2,0.201,SELL_NOW
57.01,57.23,0.1659,500.0,2895.1,14,19.1,93.6,0.538,SELL_NOW
46.42,46.59,0.1705,1000.0,1663.0,5,84.5,90.3,0.275,SELL_NOW
64.06,53.36,0.2017,200.0,934.9,16,4.7,54.3,0.875,SELL_NOW
46.41,45.22,0.2339,0.0,448.8,16,103.1,57.7,0.328,SELL_NOW
69.65,59.59,0.0148,1000.0,2140.2,13,83.9,70.5,0.67,SELL_NOW
48.63,58.56,0.0469,1000.0,1970.1,17,92.6,26.5,0.249,AGGREGATE
49.27,62.76,0.2227,0.0,1184.4,4,100.6,22.2,0.464,AGGREGATE
71.37,59.67,0.12,500.0,2857.7,7,16.5,67.4,0.909,SELL_NOW
38.24,48.86,0.1455,200.0,164.4,6,99.0,10.4,0.249,STORE
19.38,20.57,0.1691,500.0,980.8,3,61.5,45.4,0.697,WAIT
12.01,11.41,0.173,1000.0,2771.1,17,106.5,49.3,0.284,SELL_NOW
62.86,52.7,0.2336,200.0,1030.7,4,106.6,38.1,0.474,SELL_NOW
53.42,56.11,0.2493,5000.0,831.5,15,4.9,18.5,0.587,WAIT
59.29,70.98,0.1828,1000.0,1649.2,13,47.2,35.5,0.62,AGGREGATE
24.91,28.73,0.0789,500.0,2489.0,18,64.1,33.8,0.642,AGGREGATE
19.55,16.13,0.2211,500.0,399.1,13,82.0,49.9,0.676,SELL_NOW
11.02,9.22,0.0218,500.0,2834.8,8,35.8,67.5,0.345,SELL_NOW
34.54,34.59,0.0655,0.0,2405.7,5,31.8,96.8,0.461,SELL_NOW
51.29,48.61,0.2254,1000.0,625.6,16,47.0,14.4,0.134,SELL_NOW
37.46,34.32,0.0715,200.0,2164.8,18,61.1,87.3,0.792,SELL_NOW
40.62,38.21,0.063,500.0,1216.4,11,114.2,28.4,0.853,SELL_NOW
73.29,88.08,0.0432,500.0,1266.7,3,91.9,59.1,0.279,AGGREGATE
34.38,43.47,0.2162,0.0,2371.5,15,52.7,54.7,0.281,AGGREGATE
45.98,46.1,0.13,200.0,2892.1,10,8.4,55.7,0.138,WAIT
64.86,81.27,0.172,1000.0,467.3,3,21.9,72.3,0.973,SELL_NOW
37.76,36.28,0.0674,5000.0,1319.8,16,55.8,38.2,0.826,WAIT
53.55,55.59,0.1919,0.0,1494.7,7,98.0,31.9,0.425,WAIT
70.37,64.24,0.1924,1000.0,1191.3,13,46.9,85.3,0.534,SELL_NOW
76.47,85.66,0.085,5000.0,1153.2,1,65.5,22.0,0.363,STORE
20.3,26.17,0.1086,500.0,251.6,10,107.2,18.0,0.638,WAIT
74.86,82.48,0.0603,500.0,2088.1,10,109.8,1.6,0.746,AGGREGATE
44.45,43.51,0.2444,200.0,1365.0,5,27.5,21.1,0.503,WAIT
28.08,31.56,0.1649,5000.0,664.9,20,7.1,51.9,0.886,SELL_NOW
42.14,36.3,0.2343,500.0,2466.5,20,38.0,53.9,0.565,SELL_NOW
78.6,97.81,0.0828,500.0,2427.4,13,84.1,25.4,0.23,AGGREGATE
44.48,46.78,0.1977,200.0,1510.5,9,114.2,7.2,0.66,WAIT
33.01,33.83,0.1938,1000.0,965.5,7,11.1,74.5,0.516,WAIT
54.34,59.39,0.176,500.0,1950.5,6,5.4,75.8,0.942,SELL_NOW
26.81,29.82,0.2418,0.0,935.6,7,106.3,99.8,0.453,SELL_NOW
15.31,12.8,0.1045,0.0,784.4,7,90.3,90.0,0.463,SELL_NOW
19.02,21.71,0.0414,1000.0,2218.5,1,119.1,92.6,0.686,SELL_NOW
18.96,17.46,0.1712,5000.0,216.9,15,48.8,79.8,0.574,SELL_NOW
20.63,23.87,0.185,200.0,374.8,8,51.1,61.6,0.437,SELL_NOW
19.72,23.88,0.148,0.0,119.7,12,22.3,12.9,0.991,AGGREGATE
54.86,65.94,0.0596,0.0,543.5,11,15.7,62.2,0.372,SELL_NOW
22.73,24.46,0.1311,1000.0,300.1,16,70.3,5.6,0.35,WAIT
34.2,36.25,0.0849,5000.0,2987.8,1,45.0,88.5,0.878,SELL_NOW
72.78,63.42,0.1126,5000.0,937.5,12,11.5,48.2,0.103,SELL_NOW
43.18,51.28,0.1649,1000.0,532.9,0,106.7,69.7,0.281,STORE
56.73,53.08,0.1889,0.0,798.9,18,25.4,5.2,0.631,SELL_NOW
22.06,23.13,0.0657,200.0,2814.8,10,90.3,53.4,0.246,WAIT
23.46,22.1,0.1073,0.0,1608.5,4,35.3,30.1,0.987,SELL_NOW
12.86,11.15,0.0746,5000.0,1158.0,0,97.9,28.5,0.518,SELL_NOW
21.83,24.33,0.0577,0.0,2632.8,19,16.0,39.0,0.638,AGGREGATE
29.5,24.4,0.198,200.0,1245.5,12,91.2,0.1,0.244,SELL_NOW
22.39,26.29,0.2282,500.0,1071.5,7,13.6,46.7,0.36,AGGREGATE
16.21,15.54,0.0989,0.0,701.1,5,54.7,48.7,0.653,WAIT
18.44,14.76,0.1903,1000.0,1195.6,16,88.6,86.3,0.595,SELL_NOW
42.25,44.6,0.2253,500.0,1018.4,11,22.4,44.9,0.806,SELL_NOW
24.44,20.13,0.2131,1000.0,2064.2,0,35.7,36.4,0.342,SELL_NOW
35.5,33.3,0.0539,1000.0,939.8,2,104.0,99.5,0.688,SELL_NOW
45.24,52.18,0.2395,1000.0,1773.9,13,106.4,57.1,0.362,AGGREGATE
58.33,48.49,0.1004,0.0,291.1,7,7.3,47.3,0.628,SELL_NOW
12.75,15.55,0.0914,5000.0,654.7,10,21.8,49.6,0.645,WAIT
65.96,52.89,0.025,500.0,1281.5,13,15.9,80.9,0.21,SELL_NOW
53.95,49.82,0.1267,200.0,2817.2,7,23.2,34.1,0.594,SELL_NOW
15.72,18.4,0.0362,5000.0,1194.0,2,116.5,38.9,0.111,STORE
71.15,68.17,0.0696,0.0,2025.8,6,67.1,75.6,0.551,SELL_NOW
74.46,63.36,0.0861,1000.0,839.8,18,57.2,7.3,0.728,SELL_NOW
14.28,13.99,0.2041,200.0,468.4,3,118.2,86.5,0.166,SELL_NOW
29.38,27.48,0.2201,500.0,269.8,15,67.7,43.0,0.945,SELL_NOW
66.43,81.14,0.0826,5000.0,985.7,12,80.0,58.1,0.513,WAIT
62.38,59.68,0.2161,5000.0,557.2,19,41.3,75.7,0.945,WAIT
22.92,27.37,0.2157,200.0,604.6,18,47.1,26.6,0.197,AGGREGATE
24.65,30.72,0.1935,0.0,2306.2,4,72.1,89.0,0.955,SELL_NOW
35.93,36.54,0.0452,500.0,145.9,4,10.2,97.9,0.198,WAIT
43.92,55.11,0.1757,200.0,1717.6,19,32.2,49.4,0.515,AGGREGATE
53.28,52.67,0.2368,1000.0,1200.4,3,25.2,93.7,0.944,SELL_NOW
35.82,45.93,0.1738,500.0,1569.0,1,3.9,0.1,0.309,AGGREGATE
42.38,35.79,0.0896,5000.0,1732.2,12,65.4,89.4,0.131,SELL_NOW
62.32,71.27,0.1301,200.0,1008.8,15,68.2,31.1,0.814,AGGREGATE
12.57,13.16,0.165,5000.0,955.8,1,47.3,31.1,0.636,WAIT
27.67,27.5,0.1325,5000.0,2226.9,18,33.7,22.8,0.563,WAIT
59.93,66.91,0.0388,5000.0,2626.7,16,78.9,31.7,0.131,STORE
72.66,83.7,0.0849,0.0,658.5,4,17.9,21.3,0.688,AGGREGATE
45.82,36.75,0.2026,5000.0,383.1,17,63.2,90.6,0.254,SELL_NOW
47.25,41.74,0.2167,1000.0,2703.6,20,92.6,89.9,0.938,SELL_NOW
17.5,20.24,0.043,1000.0,1114.7,17,21.4,10.2,0.717,AGGREGATE
41.32,46.82,0.2386,500.0,1698.8,7,90.9,14.3,0.736,AGGREGATE
47.28,60.67,0.0889,5000.0,1142.7,14,91.8,86.2,0.309,STORE
26.97,31.84,0.169,5000.0,464.8,12,9.1,39.9,0.893,SELL_NOW
28.85,36.79,0.1904,200.0,1809.1,12,4.2,16.9,0.584,AGGREGATE
36.41,41.92,0.2049,0.0,1622.9,15,116.9,51.1,0.871,AGGREGATE
11.4,10.82,0.237,500.0,688.7,19,24.8,41.7,0.344,SELL_NOW
32.55,27.75,0.0851,5000.0,1410.4,12,99.0,21.9,0.78,SELL_NOW
24.8,29.54,0.216,200.0,2411.1,19,68.3,72.1,0.617,SELL_NOW
32.92,36.94,0.0416,0.0,1812.2,1,33.2,63.1,0.144,SELL_NOW
18.38,15.15,0.1792,500.0,381.1,2,17.3,10.0,0.465,SELL_NOW
72.34,70.89,0.1881,500.0,1689.3,14,60.6,92.5,0.266,SELL_NOW
51.55,65.9,0.1727,5000.0,2137.9,18,50.1,55.8,0.423,STORE
57.54,60.43,0.0706,500.0,2398.8,12,84.5,25.0,0.445,WAIT
65.24,66.31,0.2195,200.0,1924.4,4,108.7,20.6,0.527,WAIT
44.89,46.19,0.0505,500.0,542.7,5,97.0,13.6,0.64,WAIT
16.08,14.55,0.0229,1000.0,2159.5,13,34.4,42.5,0.614,SELL_NOW
47.6,46.85,0.1822,200.0,2064.3,3,105.7,13.6,0.135,WAIT
51.08,50.31,0.1241,0.0,170.8,18,100.3,41.6,0.776,SELL_NOW
62.18,51.37,0.2138,0.0,1294.1,6,111.6,14.9,0.954,SELL_NOW
40.22,47.61,0.102,5000.0,1065.6,3,56.1,65.7,0.414,STORE
18.93,19.09,0.0504,5000.0,2041.3,1,92.7,78.5,0.262,WAIT
29.86,36.17,0.2107,1000.0,726.8,6,71.8,55.0,0.586,WAIT
35.42,43.39,0.1417,0.0,1813.5,2,38.6,68.0,0.734,SELL_NOW
55.21,50.02,0.0554,0.0,2748.3,14,119.3,93.8,0.711,SELL_NOW
49.95,56.38,0.1829,0.0,2413.6,0,6.5,63.8,0.651,SELL_NOW
34.93,36.19,0.1327,0.0,2772.2,1,21.1,36.4,0.232,WAIT
79.06,98.04,0.155,500.0,2937.7,9,107.3,44.9,0.853,AGGREGATE
52.4,47.58,0.1206,200.0,130.9,15,9.1,86.1,0.483,SELL_NOW
26.61,30.3,0.2089,200.0,1905.9,14,106.6,13.1,0.299,AGGREGATE
17.12,18.9,0.2091,1000.0,1297.2,14,86.4,32.6,0.178,AGGREGATE
20.7,19.62,0.1803,500.0,2593.6,13,6.3,57.7,0.475,SELL_NOW
27.22,23.63,0.0353,0.0,830.3,13,52.7,67.6,0.656,SELL_NOW
21.25,23.92,0.2113,0.0,2945.0,5,91.0,76.3,0.699,SELL_NOW
23.06,26.96,0.171,5000.0,1879.8,13,70.8,31.8,0.966,SELL_NOW
29.96,28.69,0.1773,5000.0,2401.3,16,112.4,14.6,0.238,WAIT
22.14,24.85,0.0971,1000.0,348.2,17,104.4,95.5,0.987,SELL_NOW
72.77,72.6,0.221,0.0,632.0,19,41.3,7.6,0.689,SELL_NOW
15.62,18.06,0.1841,1000.0,2299.4,18,12.0,9.6,0.509,AGGREGATE
46.72,42.03,0.037,500.0,163.8,16,113.4,49.5,0.899,SELL_NOW
38.73,48.22,0.1079,200.0,2468.9,15,63.0,81.9,0.725,SELL_NOW
78.77,74.33,0.2227,0.0,140.5,7,10.8,77.5,0.414,SELL_NOW
17.84,17.56,0.0213,500.0,2005.6,6,98.4,93.8,0.896,SELL_NOW
37.85,31.38,0.2407,0.0,1158.8,19,104.5,14.2,0.7,SELL_NOW
77.86,66.63,0.173,5000.0,1873.3,11,77.5,37.6,0.729,SELL_NOW
70.59,74.67,0.1615,1000.0,2118.5,8,54.8,28.2,0.907,SELL_NOW
67.2,62.75,0.0749,5000.0,1093.2,13,80.1,86.1,0.504,SELL_NOW
28.05,34.16,0.0697,200.0,413.1,19,85.4,48.8,0.691,AGGREGATE
21.96,17.73,0.2361,5000.0,302.0,0,107.4,2.7,0.77,SELL_NOW
56.81,56.21,0.0816,0.0,1807.9,9,114.8,70.8,0.509,SELL_NOW
75.06,72.71,0.1961,5000.0,1609.9,16,62.7,38.9,0.175,WAIT
48.97,39.65,0.1043,0.0,2252.4,16,96.2,53.1,0.794,SELL_NOW
50.01,43.12,0.0434,200.0,1578.2,16,115.8,89.4,0.143,SELL_NOW
29.6,29.8,0.0126,5000.0,1325.1,3,19.8,25.7,0.746,WAIT
63.86,66.83,0.1406,1000.0,1254.5,16,4.2,24.0,0.92,SELL_NOW
23.09,23.14,0.2442,1000.0,176.7,17,104.5,26.3,0.412,WAIT
32.66,34.8,0.0986,1000.0,1073.1,19,25.0,33.8,0.192,SELL_NOW
39.78,43.66,0.0957,5000.0,2930.5,1,7.0,10.7,0.31,WAIT
45.53,36.65,0.0926,5000.0,2633.3,7,20.9,69.7,0.606,SELL_NOW
26.97,27.83,0.1349,5000.0,1055.2,12,47.3,20.7,0.948,SELL_NOW
18.04,23.12,0.1158,0.0,1804.6,19,27.9,92.6,0.561,SELL_NOW
52.74,55.88,0.2212,200.0,2557.2,14,38.0,21.6,0.201,WAIT
30.2,34.4,0.1313,1000.0,1379.7,19,117.1,25.6,0.665,AGGREGATE
50.69,48.45,0.1319,0.0,152.1,8,85.1,29.7,0.76,WAIT
20.81,24.7,0.0432,1000.0,316.1,2,86.0,76.9,0.454,STORE
43.68,51.82,0.2459,0.0,1580.1,2,13.2,42.8,0.749,AGGREGATE
47.28,50.15,0.07,5000.0,2911.4,1,88.4,81.9,0.392,WAIT
13.63,17.55,0.0276,1000.0,2110.3,0,89.2,78.5,0.81,SELL_NOW
33.56,28.96,0.1692,5000.0,305.7,13,79.8,92.9,0.407,SELL_NOW
19.41,15.69,0.1529,1000.0,649.1,16,29.0,75.7,0.33,SELL_NOW
14.44,17.11,0.1096,500.0,2336.8,12,51.9,5.2,0.891,AGGREGATE
79.3,95.44,0.1113,0.0,2540.2,18,101.9,83.7,0.594,SELL_NOW
32.56,28.01,0.1984,500.0,1891.3,14,81.1,93.8,0.357,SELL_NOW
66.69,62.21,0.057,0.0,1968.8,13,88.5,99.4,0.942,SELL_NOW
27.82,22.5,0.2069,200.0,182.2,1,71.3,12.5,0.722,SELL_NOW
57.71,54.63,0.1657,1000.0,2502.7,6,55.1,61.3,0.299,SELL_NOW
63.22,75.01,0.1106,200.0,2386.0,16,91.6,19.9,0.653,AGGREGATE
51.69,54.74,0.1199,200.0,851.2,17,10.0,26.3,0.883,SELL_NOW
43.01,41.89,0.0716,0.0,2155.2,5,81.4,74.6,0.727,SELL_NOW
38.83,38.28,0.1905,500.0,723.1,20,119.7,97.8,0.32,SELL_NOW
34.42,27.56,0.1331,5000.0,217.0,7,94.1,59.5,0.684,SELL_NOW
75.07,71.31,0.087,0.0,683.3,1,36.3,85.1,0.657,SELL_NOW
68.14,76.54,0.1531,5000.0,618.0,0,34.8,0.9,0.839,SELL_NOW
77.55,99.82,0.249,200.0,1079.5,15,80.7,3.7,0.26,AGGREGATE
18.7,22.88,0.1145,5000.0,1313.5,6,107.7,59.7,0.73,WAIT
61.16,49.65,0.231,500.0,1574.8,10,70.2,38.9,0.125,SELL_NOW
75.68,94.55,0.0928,0.0,1482.6,14,64.2,89.0,0.727,SELL_NOW
22.69,27.03,0.0231,500.0,885.0,12,20.9,30.2,0.964,AGGREGATE
14.65,17.44,0.059,500.0,184.6,1,86.4,43.2,0.257,STORE
61.88,63.67,0.1105,0.0,1854.8,13,84.9,52.8,0.38,WAIT
50.21,50.16,0.0627,500.0,1247.7,5,116.1,27.3,0.625,WAIT
68.93,65.58,0.0101,1000.0,966.1,8,37.4,90.8,0.759,WAIT
19.78,16.48,0.2296,1000.0,2614.1,6,91.3,46.5,0.41,SELL_NOW
65.67,60.03,0.2125,1000.0,2265.6,17,53.2,42.4,0.698,SELL_NOW
24.11,22.26,0.1882,5000.0,2587.5,8,67.9,85.0,0.909,SELL_NOW
21.46,22.36,0.0503,500.0,1535.5,3,98.3,31.2,0.754,SELL_NOW
21.5,25.23,0.0389,0.0,479.7,8,28.2,81.7,0.74,SELL_NOW
67.02,69.49,0.0262,0.0,2119.0,3,42.5,12.2,0.444,WAIT
56.56,46.89,0.1838,5000.0,697.6,11,93.3,18.3,0.92,SELL_NOW
46.61,59.62,0.2329,0.0,1379.6,3,69.3,95.1,0.35,SELL_NOW
35.12,44.65,0.1133,1000.0,288.5,19,12.9,84.2,0.285,STORE
71.4,85.16,0.0386,500.0,2493.4,13,52.8,38.8,0.428,AGGREGATE
37.47,48.55,0.133,0.0,465.2,6,71.2,63.8,0.685,SELL_NOW
67.16,72.01,0.0937,0.0,2719.0,12,109.3,94.3,0.876,SELL_NOW
40.74,52.2,0.1,200.0,2606.3,7,24.2,21.2,0.219,AGGREGATE
36.39,30.48,0.1591,200.0,1447.3,4,97.1,5.9,0.832,SELL_NOW
42.39,41.66,0.1825,200.0,2258.7,11,17.4,53.7,0.832,WAIT
31.1,28.38,0.0365,500.0,1896.4,12,30.6,14.3,0.628,SELL_NOW
62.33,55.97,0.0185,1000.0,2428.9,19,30.7,18.7,0.785,SELL_NOW
45.19,39.33,0.2486,1000.0,1352.2,13,105.5,89.2,0.264,SELL_NOW
26.25,29.17,0.0659,1000.0,2378.8,17,25.5,0.7,0.253,AGGREGATE
72.97,86.88,0.0229,500.0,1441.1,19,94.9,81.7,0.877,SELL_NOW
36.87,40.16,0.0556,500.0,2828.8,3,56.5,51.7,0.548,AGGREGATE
48.05,41.97,0.0193,200.0,1510.5,20,119.9,55.9,0.321,SELL_NOW
73.45,88.55,0.104,0.0,1441.6,17,101.0,67.2,0.72,SELL_NOW
53.7,60.03,0.2026,5000.0,2376.7,6,89.3,43.1,0.903,SELL_NOW
18.18,18.08,0.0919,5000.0,2482.6,14,104.7,11.6,0.669,WAIT
75.79,86.18,0.1166,0.0,1708.0,20,76.8,10.3,0.413,AGGREGATE
53.94,50.16,0.1721,200.0,621.4,5,101.6,75.4,0.535,SELL_NOW
33.44,32.53,0.1321,0.0,1456.5,15,32.8,22.1,0.777,SELL_NOW
19.75,24.86,0.2167,0.0,2907.4,19,13.5,2.8,0.161,AGGREGATE
65.58,61.99,0.2178,5000.0,2283.7,7,74.7,98.0,0.295,SELL_NOW
53.41,55.27,0.0124,200.0,2452.4,20,53.3,98.0,0.516,SELL_NOW
47.34,58.94,0.1967,500.0,195.2,15,52.3,37.8,0.644,WAIT
72.57,83.74,0.1206,5000.0,1456.8,15,64.2,2.6,0.405,STORE
65.2,54.19,0.2473,500.0,1975.2,2,44.6,72.7,0.369,SELL_NOW
20.62,18.01,0.126,200.0,2507.1,16,75.9,83.1,0.137,SELL_NOW
31.82,25.58,0.2469,0.0,242.9,8,5.6,12.5,0.129,SELL_NOW
27.39,30.56,0.1911,1000.0,2572.1,2,116.4,13.5,0.351,AGGREGATE
62.08,63.56,0.0697,1000.0,1690.4,19,111.1,82.2,0.577,SELL_NOW
12.35,10.71,0.1392,200.0,672.2,6,112.4,92.2,0.601,SELL_NOW
49.89,63.81,0.2481,1000.0,1020.0,17,45.1,79.1,0.545,SELL_NOW
63.37,67.48,0.2158,500.0,917.6,11,64.8,20.1,0.469,WAIT
71.37,65.73,0.0334,1000.0,1639.5,18,114.6,41.2,0.327,SELL_NOW
33.95,35.65,0.1795,200.0,249.9,15,108.5,60.1,0.461,SELL_NOW
67.49,76.92,0.0929,200.0,559.8,16,95.2,16.0,0.225,AGGREGATE
17.74,14.87,0.0117,500.0,2456.8,19,50.1,21.1,0.204,SELL_NOW
69.25,64.91,0.1068,1000.0,484.6,14,68.6,28.3,0.37,SELL_NOW
18.92,22.77,0.0663,1000.0,776.8,0,95.6,51.0,0.996,SELL_NOW
37.81,38.94,0.2065,0.0,1414.8,1,34.2,51.1,0.394,WAIT
65.81,70.63,0.091,5000.0,1599.7,7,75.9,81.4,0.943,SELL_NOW
20.49,20.83,0.2086,200.0,2314.5,1,99.7,75.3,0.453,SELL_NOW
26.05,21.41,0.0101,0.0,1397.3,18,85.5,91.4,0.495,SELL_NOW
60.56,53.46,0.0839,200.0,2390.6,8,58.6,83.3,0.817,SELL_NOW
60.4,61.78,0.0679,0.0,1893.2,8,71.0,25.4,0.184,WAIT
54.88,49.64,0.0661,5000.0,428.0,12,118.7,33.1,0.264,SELL_NOW
58.58,48.32,0.0264,0.0,553.4,5,73.0,50.0,0.976,SELL_NOW
47.99,58.64,0.0549,200.0,1367.4,14,94.7,1.4,0.555,AGGREGATE
27.63,35.65,0.1433,1000.0,1251.0,18,87.7,90.4,0.14,SELL_NOW
34.2,40.92,0.0799,200.0,2256.3,20,84.8,4.4,0.143,AGGREGATE
22.71,27.86,0.1102,500.0,1784.1,14,86.5,32.2,0.917,AGGREGATE
73.59,67.78,0.1004,500.0,1225.6,17,55.6,56.9,0.886,SELL_NOW
50.84,65.09,0.2202,500.0,595.2,6,58.0,51.8,0.513,AGGREGATE
38.06,34.2,0.2273,500.0,757.8,10,57.2,65.4,0.247,SELL_NOW
42.34,54.01,0.1283,5000.0,1769.0,7,5.9,52.8,0.847,SELL_NOW
76.31,99.01,0.0892,1000.0,1328.0,5,30.4,22.9,0.392,AGGREGATE
20.73,23.97,0.0356,1000.0,1593.3,7,20.2,20.1,0.477,AGGREGATE
51.04,65.87,0.2388,200.0,595.0,1,106.6,90.7,0.714,SELL_NOW
45.41,49.26,0.0245,0.0,2022.4,18,34.4,26.4,0.418,AGGREGATE
52.8,49.09,0.0814,200.0,2572.4,15,18.3,28.1,0.666,SELL_NOW
11.27,11.48,0.0815,200.0,848.0,6,16.1,41.3,0.897,SELL_NOW
71.05,77.92,0.0869,200.0,1525.4,9,84.6,13.9,0.818,AGGREGATE
75.25,62.95,0.0494,200.0,2929.0,11,2.7,50.7,0.443,SELL_NOW
49.56,55.07,0.198,1000.0,1066.4,16,57.6,66.5,0.359,SELL_NOW
58.77,75.84,0.0394,0.0,1825.6,6,16.0,78.6,0.357,SELL_NOW
74.57,66.75,0.1624,200.0,361.6,7,102.3,71.1,0.414,SELL_NOW
59.51,71.19,0.0397,1000.0,1857.4,6,115.1,14.8,0.544,AGGREGATE
20.68,25.93,0.0269,200.0,359.9,3,115.1,45.6,0.475,AGGREGATE
50.34,64.03,0.2283,500.0,2881.8,2,54.2,3.9,0.22,AGGREGATE
52.47,67.17,0.0556,200.0,2175.4,18,78.1,1.8,0.247,AGGREGATE
39.69,42.1,0.2071,200.0,2385.7,14,72.8,44.0,0.409,WAIT
61.55,79.32,0.1407,5000.0,2141.9,3,43.3,25.3,0.606,WAIT
75.41,88.88,0.0287,500.0,1810.2,8,54.4,68.3,0.633,SELL_NOW
74.79,65.88,0.2393,0.0,1404.7,12,9.6,72.4,0.538,SELL_NOW
41.56,43.16,0.0693,200.0,2589.3,17,95.9,89.5,0.765,SELL_NOW
17.93,20.78,0.2163,0.0,2874.8,20,30.4,76.1,0.764,SELL_NOW
78.94,72.91,0.0505,500.0,1547.2,15,56.3,4.8,0.485,SELL_NOW
68.72,76.99,0.2149,200.0,2801.5,0,58.7,37.2,0.212,AGGREGATE
18.73,21.22,0.0132,5000.0,1791.7,3,68.2,27.3,0.577,WAIT
74.46,65.62,0.1328,1000.0,1661.3,17,98.5,38.6,0.443,SELL_NOW
70.89,76.74,0.1947,5000.0,1418.0,7,83.6,16.0,0.224,WAIT
46.32,54.93,0.2344,5000.0,706.9,19,80.2,9.8,0.984,SELL_NOW
51.39,53.93,0.2282,1000.0,110.8,15,64.2,52.1,0.433,WAIT
37.93,30.57,0.2067,1000.0,800.4,20,13.3,72.0,0.663,SELL_NOW
13.83,11.13,0.2232,1000.0,1578.2,10,49.4,70.2,0.541,SELL_NOW
33.46,32.74,0.0578,200.0,1201.9,19,115.0,45.1,0.229,SELL_NOW
66.2,83.62,0.0782,0.0,1400.6,20,119.5,52.2,0.15,AGGREGATE
10.32,9.44,0.0794,0.0,2943.9,20,88.2,51.6,0.663,SELL_NOW
33.34,37.25,0.1005,1000.0,1115.8,20,28.8,69.2,0.322,SELL_NOW
37.87,34.5,0.1044,5000.0,1411.3,18,14.0,4.8,0.319,SELL_NOW
47.62,45.75,0.1407,500.0,487.2,18,50.9,71.0,0.961,WAIT
74.39,91.05,0.0484,1000.0,239.1,17,103.1,58.2,0.516,WAIT
34.24,39.88,0.1759,5000.0,2348.7,18,87.2,19.8,0.126,STORE
34.29,29.06,0.0502,5000.0,1755.0,10,106.3,4.9,0.406,SELL_NOW
61.63,62.51,0.0845,200.0,2306.0,2,74.7,10.9,0.626,WAIT
41.66,33.93,0.1308,200.0,534.6,7,17.4,52.5,0.396,SELL_NOW
25.72,26.76,0.2011,0.0,1758.3,19,15.5,75.8,0.124,SELL_NOW
41.67,47.14,0.1875,0.0,835.6,18,7.7,33.5,0.5,AGGREGATE
19.86,17.06,0.1649,500.0,761.4,9,68.9,37.9,0.195,SELL_NOW
22.35,21.11,0.0474,500.0,133.4,15,30.7,93.4,0.657,SELL_NOW
44.89,44.84,0.1413,500.0,478.0,4,88.7,21.3,0.658,WAIT
39.32,49.54,0.031,500.0,996.9,19,83.0,10.4,0.134,AGGREGATE
74.04,96.0,0.1006,5000.0,438.9,8,39.5,34.3,0.362,STORE
35.37,29.09,0.1092,5000.0,2959.0,7,22.9,74.6,0.472,SELL_NOW
50.64,59.78,0.0196,0.0,995.0,10,14.1,62.6,0.595,SELL_NOW
54.26,53.49,0.0758,200.0,477.9,15,89.0,41.6,0.366,SELL_NOW
10.92,10.88,0.2394,200.0,677.3,6,55.2,96.5,0.359,SELL_NOW
56.45,66.45,0.2389,1000.0,1804.3,14,40.2,73.5,0.985,SELL_NOW
22.46,28.29,0.0946,5000.0,285.7,20,103.1,6.2,0.138,STORE
77.27,98.56,0.0203,500.0,2601.1,19,72.0,74.5,0.99,SELL_NOW
20.41,22.21,0.053,500.0,2888.3,16,63.1,2.4,0.143,AGGREGATE
39.02,38.19,0.1041,1000.0,815.6,5,89.7,65.0,0.36,WAIT
15.97,19.07,0.2375,200.0,1405.3,14,98.2,21.0,0.544,AGGREGATE
79.78,73.84,0.0439,500.0,164.2,7,83.0,69.6,0.229,SELL_NOW
45.15,48.86,0.1932,200.0,1958.1,6,53.9,31.0,0.221,AGGREGATE
51.68,50.61,0.0361,1000.0,1300.4,1,46.8,87.3,0.331,SELL_NOW
14.7,16.58,0.2455,200.0,883.2,12,93.1,33.7,0.976,AGGREGATE
62.5,57.51,0.1016,200.0,699.8,5,63.1,62.0,0.442,SELL_NOW
24.69,22.12,0.1961,200.0,1996.7,4,85.1,28.6,0.609,SELL_NOW
72.86,91.74,0.0922,500.0,1307.0,19,107.1,91.7,0.734,SELL_NOW
24.36,20.73,0.1606,0.0,621.0,0,110.1,78.1,0.768,SELL_NOW
23.35,24.59,0.0561,5000.0,2098.4,17,34.8,24.3,0.719,WAIT
12.56,11.43,0.045,200.0,1738.7,14,24.2,94.9,0.403,SELL_NOW
43.04,35.27,0.2351,200.0,2590.1,9,32.8,35.7,0.201,SELL_NOW
49.54,40.52,0.2302,200.0,440.7,2,90.7,65.2,0.354,SELL_NOW
14.6,12.96,0.223,0.0,2378.4,4,45.7,74.3,0.289,SELL_NOW
64.29,79.29,0.1601,1000.0,2053.2,12,22.5,2.3,0.223,AGGREGATE
41.73,39.28,0.204,500.0,433.5,7,13.6,95.9,0.122,SELL_NOW
46.71,59.56,0.0266,0.0,2115.0,20,40.6,34.4,0.942,AGGREGATE
40.85,44.56,0.0903,200.0,1380.5,1,18.1,19.0,0.929,AGGREGATE
38.05,38.75,0.0853,0.0,2840.5,8,20.5,85.1,0.145,SELL_NOW
49.17,53.6,0.1626,0.0,510.7,16,82.7,70.3,0.256,SELL_NOW
20.87,22.08,0.0954,0.0,1964.2,17,4.3,8.7,0.226,SELL_NOW
22.73,26.81,0.0456,1000.0,1207.7,12,15.9,11.7,0.353,AGGREGATE
70.32,66.19,0.1532,5000.0,2874.8,0,101.6,71.5,0.284,SELL_NOW
76.23,74.44,0.2055,500.0,1056.9,11,101.7,7.5,0.951,WAIT
36.13,45.06,0.1017,1000.0,2890.3,19,40.9,91.7,0.176,SELL_NOW
28.95,36.86,0.0417,1000.0,2714.3,19,12.4,74.2,0.291,SELL_NOW
55.08,68.65,0.0572,5000.0,884.1,20,85.2,33.5,0.173,STORE
38.61,38.99,0.067,1000.0,2430.3,4,44.5,36.3,0.982,SELL_NOW
11.78,14.02,0.082,0.0,2987.3,7,7.4,50.6,0.927,AGGREGATE
20.93,21.73,0.1643,0.0,832.7,14,20.6,36.1,0.745,WAIT
60.12,63.05,0.1542,200.0,1366.7,2,18.2,78.3,0.483,SELL_NOW
56.12,50.64,0.1771,1000.0,1608.5,5,71.5,97.5,0.271,SELL_NOW
11.9,13.03,0.097,200.0,955.3,12,108.0,58.5,0.299,AGGREGATE
25.54,22.81,0.2078,500.0,144.3,11,95.6,44.6,0.499,SELL_NOW
26.18,25.28,0.059,0.0,738.4,18,66.5,22.3,0.791,SELL_NOW
57.03,70.01,0.1226,500.0,917.6,17,51.8,65.3,0.338,SELL_NOW
11.38,10.28,0.2022,5000.0,1386.4,0,75.0,68.6,0.38,SELL_NOW
17.29,14.45,0.0532,0.0,596.2,6,54.4,68.5,0.64,SELL_NOW
65.99,55.07,0.0364,500.0,2632.4,11,31.0,2.7,0.314,SELL_NOW
22.5,28.58,0.2221,5000.0,2144.2,9,82.1,89.9,0.626,WAIT
55.69,58.67,0.0923,500.0,347.1,11,105.0,33.8,0.448,WAIT
26.67,26.8,0.1741,5000.0,1985.3,10,46.0,74.4,0.131,WAIT
16.96,20.45,0.0161,5000.0,1995.6,3,101.3,76.0,0.462,STORE
27.02,32.91,0.1756,0.0,2873.0,18,52.9,65.1,0.928,SELL_NOW
60.56,58.51,0.0859,200.0,108.8,5,49.4,39.5,0.364,WAIT
69.9,80.16,0.0234,5000.0,819.0,8,5.3,60.8,0.391,STORE
68.12,80.75,0.1564,5000.0,2790.6,19,84.0,4.0,0.159,STORE
37.8,42.62,0.0678,0.0,2803.2,9,97.3,76.2,0.654,SELL_NOW
56.77,49.72,0.1028,200.0,2189.7,4,80.3,10.0,0.864,SELL_NOW
24.35,30.14,0.0293,1000.0,2320.7,12,19.9,39.7,0.418,AGGREGATE
30.52,32.64,0.0453,1000.0,365.3,8,14.2,10.4,0.316,WAIT
72.74,68.47,0.0815,200.0,1590.2,1,69.6,83.7,0.961,SELL_NOW
10.91,11.05,0.0315,500.0,771.6,17,49.4,55.0,0.771,SELL_NOW
15.99,13.09,0.2286,0.0,625.5,20,52.6,69.1,0.61,SELL_NOW
24.55,21.21,0.0115,200.0,2449.9,0,116.2,68.3,0.375,SELL_NOW
11.86,14.02,0.1261,1000.0,491.6,20,87.4,84.2,0.299,STORE
22.7,18.16,0.0396,5000.0,1459.1,11,50.6,13.3,0.744,SELL_NOW
50.81,51.23,0.0838,1000.0,2821.9,9,4.3,66.0,0.57,SELL_NOW
39.5,41.92,0.2323,5000.0,638.9,1,6.0,57.5,0.569,WAIT
72.49,59.97,0.0488,0.0,2936.2,8,82.8,3.1,0.166,SELL_NOW
67.22,86.48,0.2418,5000.0,2983.4,1,100.9,20.1,0.561,WAIT
33.93,30.98,0.0594,200.0,1711.3,13,85.5,26.8,0.84,SELL_NOW
28.16,26.81,0.188,5000.0,593.4,10,49.9,7.3,0.952,WAIT
36.58,34.82,0.1412,500.0,1016.7,10,5.7,35.5,0.196,WAIT
51.32,46.97,0.2223,200.0,1331.0,16,116.2,2.7,0.668,SELL_NOW
28.76,23.03,0.143,0.0,997.0,3,118.4,55.3,0.612,SELL_NOW
53.69,62.53,0.1383,200.0,913.8,12,66.8,21.2,0.901,AGGREGATE
38.66,49.62,0.0569,500.0,2919.5,6,10.3,28.7,0.776,AGGREGATE
48.64,44.37,0.0499,0.0,544.8,15,65.8,91.0,0.969,SELL_NOW
40.53,45.86,0.23,1000.0,2226.7,0,107.3,50.3,0.964,AGGREGATE
30.61,35.85,0.0887,500.0,101.2,12,82.2,26.9,0.303,STORE
76.39,93.52,0.0993,0.0,1828.9,0,87.0,59.8,0.753,AGGREGATE
63.45,64.17,0.1924,5000.0,2756.2,10,12.0,20.2,0.577,WAIT
19.81,18.85,0.0913,200.0,935.0,5,14.6,7.4,0.293,WAIT
70.79,68.15,0.2385,0.0,638.0,19,17.0,2.1,0.275,SELL_NOW
44.12,51.02,0.1871,200.0,1989.9,2,108.7,95.2,0.173,SELL_NOW
72.62,87.75,0.1534,5000.0,2166.5,11,64.1,72.5,0.816,SELL_NOW
65.99,58.78,0.2214,0.0,2095.3,4,95.4,80.0,0.392,SELL_NOW
39.76,39.19,0.0219,1000.0,1026.0,8,15.6,98.1,0.871,SELL_NOW
11.57,14.48,0.0717,500.0,831.4,11,111.5,93.2,0.647,SELL_NOW
28.81,34.67,0.1216,0.0,2872.2,9,98.9,73.7,0.706,SELL_NOW
47.91,61.93,0.0645,5000.0,2777.6,18,28.5,69.4,0.363,STORE
54.34,63.97,0.1885,0.0,1426.2,4,105.2,33.7,0.512,AGGREGATE
28.05,27.96,0.2306,200.0,2554.0,4,33.1,10.4,0.471,WAIT
19.75,21.64,0.1117,0.0,1411.7,8,26.2,57.4,0.312,AGGREGATE
68.45,77.38,0.0921,1000.0,1330.7,19,33.2,57.6,0.849,AGGREGATE
78.91,66.22,0.2408,0.0,554.6,16,109.4,95.2,0.66,SELL_NOW
46.8,50.18,0.1168,500.0,1336.6,9,110.0,44.3,0.134,WAIT
22.02,25.42,0.1274,0.0,1658.5,20,40.8,69.1,0.838,SELL_NOW
29.06,25.68,0.0944,200.0,165.3,0,85.2,57.5,0.195,SELL_NOW
11.29,13.44,0.2283,0.0,1387.9,15,81.7,17.7,0.463,AGGREGATE
74.0,80.8,0.1465,1000.0,2365.9,14,97.2,59.2,0.614,AGGREGATE
18.24,23.28,0.1929,5000.0,2072.1,16,37.0,54.0,0.107,STORE
50.36,41.35,0.2048,0.0,1942.0,19,62.2,49.4,0.688,SELL_NOW
29.18,27.22,0.092,0.0,2737.7,12,80.8,51.3,0.694,SELL_NOW
48.79,53.71,0.1141,500.0,152.3,0,5.1,16.4,0.687,WAIT
55.6,52.72,0.2136,1000.0,1715.4,7,46.5,46.3,0.247,SELL_NOW
68.08,78.79,0.0972,5000.0,2383.3,4,84.1,60.6,0.33,STORE
24.45,28.84,0.2005,200.0,1669.9,5,31.8,48.9,0.323,AGGREGATE
10.77,9.17,0.2358,0.0,1039.3,19,115.0,48.9,0.964,SELL_NOW
19.58,20.7,0.1596,5000.0,495.1,13,5.6,7.8,0.161,WAIT
73.0,76.98,0.188,200.0,2673.9,10,115.1,19.1,0.486,WAIT
71.17,70.08,0.2032,1000.0,1465.2,5,27.6,32.1,0.884,WAIT
51.82,65.63,0.2128,1000.0,2646.5,10,7.8,41.9,0.793,AGGREGATE
52.04,63.16,0.1048,5000.0,1799.0,12,36.5,59.4,0.84,SELL_NOW
56.55,64.96,0.0223,200.0,2055.2,11,94.8,86.3,0.975,SELL_NOW
22.28,25.78,0.1065,1000.0,2432.4,1,90.8,15.9,0.449,AGGREGATE
74.01,76.29,0.1717,5000.0,2011.6,20,26.6,1.5,0.379,WAIT
39.31,49.56,0.1181,1000.0,1254.4,2,25.2,44.9,0.128,AGGREGATE
36.82,42.24,0.1898,1000.0,1589.5,3,77.8,43.2,0.235,AGGREGATE
46.32,53.94,0.0957,1000.0,2428.8,16,56.1,55.2,0.606,AGGREGATE
13.29,16.36,0.1623,500.0,1183.6,5,95.5,83.3,0.242,SELL_NOW
21.64,20.28,0.0547,200.0,1225.6,6,4.8,80.2,0.763,SELL_NOW
61.66,74.21,0.1898,5000.0,377.5,14,74.0,10.0,0.134,STORE
15.8,14.18,0.141,5000.0,2752.3,10,88.2,93.4,0.334,SELL_NOW
52.22,50.79,0.059,200.0,364.0,2,119.2,11.0,0.726,WAIT
27.17,26.3,0.0801,200.0,1979.8,5,82.1,63.5,0.33,SELL_NOW
37.25,48.03,0.1897,200.0,1298.3,1,29.4,67.2,0.756,SELL_NOW
30.21,37.1,0.1258,200.0,1276.3,13,14.8,68.0,0.996,SELL_NOW
34.9,40.15,0.0618,0.0,2070.7,8,77.6,26.5,0.817,AGGREGATE
60.33,70.2,0.2421,5000.0,294.6,17,63.7,33.0,0.408,STORE
30.8,33.29,0.1816,0.0,1821.7,18,108.1,54.9,0.911,AGGREGATE
49.65,63.23,0.2397,1000.0,2338.9,11,87.7,20.0,0.146,AGGREGATE
43.32,45.41,0.1125,1000.0,2501.8,12,62.1,2.0,0.753,SELL_NOW
56.46,55.91,0.124,5000.0,594.5,11,49.6,56.2,0.121,WAIT
75.58,66.62,0.2255,1000.0,2702.5,11,49.7,46.5,0.257,SELL_NOW
61.28,73.11,0.136,200.0,2002.8,17,28.7,65.7,0.989,SELL_NOW
25.05,29.23,0.1797,0.0,2657.4,8,4.0,14.7,0.425,AGGREGATE
12.18,12.09,0.0705,200.0,1507.3,16,69.8,84.1,0.838,SELL_NOW
28.36,23.04,0.1172,1000.0,1671.9,20,27.1,14.6,0.438,SELL_NOW
51.66,62.99,0.0396,0.0,2765.2,15,26.6,89.1,0.856,SELL_NOW
13.6,10.96,0.0594,200.0,2709.7,16,16.8,45.0,0.969,SELL_NOW
44.75,51.54,0.0102,5000.0,1399.7,20,24.4,55.0,0.492,STORE
51.78,66.54,0.0194,200.0,895.8,7,5.8,89.7,0.603,SELL_NOW
33.4,34.03,0.2445,1000.0,1240.2,10,81.6,30.0,0.666,WAIT
63.96,58.69,0.0682,0.0,1224.5,1,49.4,18.2,0.941,SELL_NOW
17.46,20.12,0.1692,5000.0,931.9,7,68.3,44.6,0.331,STORE
15.26,18.44,0.2114,0.0,878.9,11,77.2,24.4,0.65,AGGREGATE
60.97,65.44,0.1422,5000.0,2597.1,20,116.8,52.8,0.392,WAIT
44.68,57.35,0.0468,0.0,302.6,0,10.1,27.5,0.295,AGGREGATE
58.19,48.05,0.1847,1000.0,2065.1,12,51.3,86.4,0.176,SELL_NOW
40.44,42.56,0.1541,5000.0,601.2,20,31.0,60.7,0.659,WAIT
27.25,31.59,0.1855,500.0,1099.1,16,58.3,0.0,0.894,AGGREGATE
67.34,82.91,0.1947,0.0,278.5,13,110.6,80.5,0.416,SELL_NOW
65.96,58.68,0.2441,0.0,882.9,13,87.4,33.0,0.597,SELL_NOW
58.63,70.35,0.1477,200.0,2328.4,15,80.1,32.0,0.678,AGGREGATE
29.05,31.27,0.092,5000.0,2666.5,16,54.1,38.3,0.473,WAIT
51.32,51.23,0.1656,500.0,742.4,5,81.2,63.0,0.913,SELL_NOW
35.27,30.54,0.0264,1000.0,1444.3,6,5.8,44.2,0.426,SELL_NOW
16.41,20.23,0.2254,200.0,1463.9,0,71.2,62.9,0.213,SELL_NOW
74.21,65.21,0.0387,500.0,2633.4,14,67.3,14.7,0.23,SELL_NOW
19.58,18.69,0.0887,5000.0,2312.1,19,42.9,97.0,0.902,WAIT
76.52,72.31,0.2058,500.0,1587.9,20,25.8,73.0,0.989,SELL_NOW
41.22,50.94,0.1534,0.0,2045.2,17,97.3,25.0,0.36,AGGREGATE
22.96,26.09,0.1045,0.0,2557.3,12,8.4,72.4,0.229,SELL_NOW
47.93,57.44,0.1236,200.0,127.7,1,10.2,57.5,0.534,WAIT
71.11,65.79,0.2151,5000.0,1268.4,18,54.0,10.9,0.739,SELL_NOW
61.26,68.14,0.0916,5000.0,2731.0,14,31.8,17.8,0.651,WAIT
66.46,72.17,0.2187,500.0,2246.9,11,90.0,4.1,0.956,AGGREGATE
56.11,68.26,0.0312,200.0,1674.2,14,76.8,80.9,0.836,SELL_NOW
58.46,73.25,0.1964,5000.0,1636.0,17,93.2,55.2,0.882,SELL_NOW
69.44,55.98,0.2134,0.0,1108.5,13,40.3,31.7,0.588,SELL_NOW
27.48,31.24,0.0536,500.0,1609.5,5,89.4,12.6,0.395,AGGREGATE
44.26,36.55,0.1133,1000.0,2000.6,11,103.8,48.4,0.732,SELL_NOW
25.48,27.38,0.0497,0.0,1313.3,19,42.7,52.5,0.495,SELL_NOW
79.14,74.69,0.1796,200.0,2171.0,5,42.1,70.2,0.359,SELL_NOW
76.08,72.54,0.1385,5000.0,2597.6,8,108.2,97.0,0.237,WAIT
12.76,12.46,0.1625,0.0,548.6,3,7.9,43.5,0.575,WAIT
59.39,65.96,0.0572,1000.0,1409.5,16,43.3,40.6,0.635,AGGREGATE
74.77,72.3,0.0608,1000.0,1283.3,1,16.0,37.0,0.612,WAIT
22.64,26.41,0.02,200.0,2093.6,15,5.4,82.7,0.205,SELL_NOW
49.76,49.87,0.0873,0.0,824.6,13,15.3,15.6,0.613,WAIT
74.08,61.8,0.1443,500.0,1956.7,7,52.9,34.4,0.252,SELL_NOW
12.38,14.75,0.2159,0.0,2644.7,13,83.1,72.5,0.697,SELL_NOW
58.82,55.46,0.1701,1000.0,1312.6,1,36.1,1.6,0.486,SELL_NOW
30.81,31.32,0.1145,200.0,2741.9,15,102.3,28.9,0.864,SELL_NOW
74.71,85.37,0.2387,200.0,2980.2,3,53.6,64.1,0.8,SELL_NOW
77.97,75.34,0.1826,500.0,407.7,0,116.3,18.6,0.752,WAIT
76.1,63.03,0.2332,200.0,775.9,19,114.6,30.3,0.731,SELL_NOW
43.19,42.63,0.1366,200.0,2856.1,13,93.2,48.6,0.604,WAIT
70.34,89.49,0.0721,200.0,2879.2,7,112.0,42.2,0.155,AGGREGATE
69.12,77.47,0.0227,200.0,383.4,2,85.4,10.6,0.69,AGGREGATE
32.34,36.73,0.1843,200.0,143.5,4,107.7,93.8,0.52,WAIT
68.02,75.92,0.0391,1000.0,567.2,5,29.9,4.4,0.523,WAIT
12.59,11.33,0.0827,0.0,2988.4,7,42.8,75.0,0.441,SELL_NOW
51.74,52.21,0.1378,5000.0,622.0,5,90.8,7.1,0.936,SELL_NOW
26.1,30.68,0.1455,200.0,1557.4,5,52.1,46.7,0.325,AGGREGATE
18.44,15.69,0.1541,5000.0,2560.4,3,100.8,17.5,0.385,SELL_NOW
15.39,14.45,0.0499,5000.0,159.2,6,105.6,14.1,0.967,SELL_NOW
58.74,55.11,0.1011,1000.0,1853.0,18,37.4,12.6,0.829,SELL_NOW
33.79,34.33,0.1581,200.0,903.4,6,99.2,45.3,0.113,WAIT
60.73,78.36,0.2428,5000.0,2600.8,2,20.2,51.5,0.915,SELL_NOW
14.57,12.15,0.1846,200.0,922.0,7,41.4,13.3,0.304,SELL_NOW
32.07,33.97,0.2314,500.0,2091.6,0,63.1,97.9,0.735,SELL_NOW
47.76,42.5,0.1929,500.0,2055.2,0,28.7,25.8,0.598,SELL_NOW
65.35,84.0,0.152,500.0,742.3,13,70.4,45.9,0.583,AGGREGATE
32.31,27.68,0.0561,5000.0,200.9,5,70.3,21.6,0.746,SELL_NOW
53.81,53.91,0.17,500.0,1286.8,9,26.4,49.4,0.286,WAIT
72.02,84.19,0.1596,1000.0,938.7,13,95.9,75.6,0.243,STORE
53.11,61.2,0.1546,1000.0,2446.0,3,76.5,52.1,0.687,AGGREGATE
26.31,26.61,0.1275,5000.0,2421.1,5,39.5,28.6,0.362,WAIT
11.71,11.4,0.1369,200.0,1425.4,15,29.4,24.8,0.977,SELL_NOW
70.91,70.82,0.0903,0.0,1858.9,20,105.7,75.9,0.506,SELL_NOW
11.49,10.71,0.1346,200.0,1852.4,0,100.6,11.8,0.2,SELL_NOW
71.23,64.3,0.0574,200.0,2498.8,5,29.1,37.0,0.717,SELL_NOW
47.03,48.98,0.2032,200.0,1332.5,8,6.2,15.1,0.376,WAIT
75.73,70.76,0.0546,200.0,898.8,14,96.9,25.8,0.234,SELL_NOW
65.91,62.21,0.0304,0.0,868.6,11,74.6,15.3,0.481,SELL_NOW
79.86,90.11,0.1147,500.0,1655.0,2,13.9,88.7,0.968,SELL_NOW
34.55,44.37,0.168,200.0,1402.5,10,71.3,73.2,0.47,SELL_NOW
63.7,70.19,0.1151,1000.0,1376.4,14,55.4,56.1,0.413,AGGREGATE
38.14,31.98,0.0764,5000.0,364.3,2,93.4,22.4,0.5,SELL_NOW
43.59,36.52,0.144,5000.0,2184.0,13,26.7,51.0,0.111,SELL_NOW
53.93,68.79,0.0933,1000.0,719.8,1,55.5,52.1,0.22,STORE
71.16,67.5,0.2339,200.0,671.2,3,20.4,59.0,0.865,SELL_NOW
78.89,66.74,0.2314,0.0,1297.0,18,115.0,6.0,0.98,SELL_NOW
63.78,70.13,0.1306,500.0,760.6,11,93.9,97.3,0.242,SELL_NOW
39.24,43.63,0.0887,5000.0,1793.2,1,88.9,46.5,0.582,WAIT
39.49,44.4,0.1869,500.0,1177.2,16,83.4,92.7,0.97,SELL_NOW
61.63,57.54,0.0188,0.0,1401.8,2,52.0,1.0,0.241,SELL_NOW
26.71,21.57,0.1239,5000.0,1657.8,9,110.9,24.8,0.268,SELL_NOW
17.73,22.74,0.0907,500.0,690.3,15,10.6,10.4,0.934,AGGREGATE
34.82,32.23,0.2309,0.0,551.7,8,96.8,77.0,0.735,SELL_NOW
30.11,34.26,0.0129,500.0,2653.2,10,27.4,32.0,0.237,AGGREGATE
30.74,35.45,0.1427,200.0,1357.8,20,40.2,84.0,0.454,SELL_NOW
26.35,29.12,0.1878,0.0,1295.1,14,63.3,83.2,0.151,SELL_NOW
12.95,12.38,0.1264,500.0,203.3,2,94.4,66.8,0.489,WAIT
11.25,10.53,0.0305,200.0,1544.1,15,100.9,66.6,0.8,SELL_NOW
79.14,86.96,0.2434,200.0,1707.1,20,70.9,70.0,0.599,SELL_NOW
39.94,49.25,0.1343,0.0,1720.6,20,49.6,67.4,0.683,SELL_NOW
36.9,46.99,0.1574,1000.0,2150.4,20,113.7,38.7,0.394,AGGREGATE
57.58,49.11,0.0668,5000.0,614.7,11,31.1,68.3,0.245,SELL_NOW
25.28,22.18,0.126,0.0,831.4,4,96.8,89.7,0.112,SELL_NOW
76.5,97.33,0.113,200.0,2451.1,6,74.2,33.3,0.839,AGGREGATE
65.04,75.99,0.028,200.0,2846.8,8,46.5,94.5,0.673,SELL_NOW
16.26,20.19,0.0355,0.0,494.2,20,2.2,1.4,0.306,AGGREGATE
39.23,35.36,0.211,1000.0,1543.2,17,54.7,34.9,0.477,SELL_NOW
71.54,78.25,0.0676,5000.0,721.1,20,34.7,13.2,0.821,SELL_NOW
76.13,87.59,0.0568,500.0,274.2,7,14.3,12.7,0.585,WAIT
42.72,48.7,0.1312,0.0,1044.0,11,10.9,81.5,0.37,SELL_NOW
52.94,53.15,0.1945,5000.0,516.7,19,43.0,91.8,0.34,WAIT
21.69,17.52,0.0249,5000.0,2158.8,1,74.5,77.8,0.296,SELL_NOW
79.38,86.64,0.1484,200.0,1647.8,9,100.8,97.7,0.841,SELL_NOW
26.22,24.29,0.0386,500.0,517.1,18,23.7,21.6,0.624,SELL_NOW
75.99,77.9,0.0188,0.0,126.8,8,52.1,14.1,0.738,WAIT
55.48,70.94,0.0227,200.0,2443.7,7,48.3,52.1,0.874,AGGREGATE
52.54,52.52,0.2102,200.0,611.0,0,62.6,82.9,0.988,SELL_NOW
45.89,55.98,0.0383,1000.0,1858.0,5,97.5,4.0,0.325,AGGREGATE
26.15,23.38,0.0208,5000.0,1077.1,11,67.3,99.6,0.263,SELL_NOW
22.36,25.4,0.1151,0.0,1797.9,18,101.9,60.2,0.516,SELL_NOW
25.43,32.77,0.2126,0.0,1015.4,16,63.2,97.9,0.132,SELL_NOW
23.05,19.61,0.073,0.0,352.1,1,73.3,36.5,0.813,SELL_NOW
64.57,51.93,0.1112,200.0,746.6,10,53.6,45.8,0.895,SELL_NOW
34.51,35.09,0.0196,1000.0,645.4,17,99.1,75.2,0.717,WAIT
14.05,11.89,0.1178,500.0,1341.3,10,111.0,79.3,0.341,SELL_NOW
77.84,91.4,0.1486,200.0,2009.0,17,77.4,23.3,0.211,AGGREGATE
71.87,90.35,0.147,500.0,865.0,7,98.9,93.0,0.444,SELL_NOW
74.94,76.22,0.0898,1000.0,135.0,14,9.0,86.7,0.85,SELL_NOW
79.64,74.02,0.0857,5000.0,1604.9,8,108.9,1.8,0.413,SELL_NOW
22.17,22.55,0.0356,0.0,1856.7,14,24.3,12.9,0.131,WAIT
37.74,43.84,0.098,500.0,2892.3,6,32.3,49.6,0.347,AGGREGATE
63.08,50.75,0.0339,200.0,1809.5,19,8.3,46.1,0.991,SELL_NOW
58.72,64.28,0.194,500.0,1466.4,12,115.9,70.8,0.709,SELL_NOW
20.77,22.99,0.2419,5000.0,1762.9,12,102.5,9.0,0.911,SELL_NOW
67.11,75.08,0.2428,0.0,2790.9,0,109.8,64.5,0.797,SELL_NOW
25.71,23.68,0.2176,500.0,2502.3,19,102.0,61.6,0.586,SELL_NOW
25.67,29.7,0.1542,5000.0,1036.6,3,58.6,23.4,0.234,STORE
47.59,40.25,0.1782,200.0,788.0,3,111.0,54.2,0.414,SELL_NOW
51.51,46.34,0.0784,1000.0,861.6,3,116.4,22.2,0.625,SELL_NOW
50.61,62.69,0.1614,200.0,1562.8,12,61.3,14.7,0.884,AGGREGATE
16.4,19.18,0.1194,0.0,2257.7,1,22.7,57.3,0.342,AGGREGATE
71.42,57.63,0.1257,200.0,1559.3,14,79.7,97.7,0.209,SELL_NOW
28.59,26.42,0.1919,200.0,296.6,3,117.1,23.7,0.603,SELL_NOW
19.07,17.3,0.0777,200.0,2198.4,5,104.9,35.5,0.259,SELL_NOW
72.21,67.55,0.0863,200.0,2437.3,2,103.7,25.7,0.649,SELL_NOW
76.9,71.03,0.2319,0.0,939.5,6,112.2,26.6,0.337,SELL_NOW
70.35,58.48,0.0235,5000.0,2026.0,5,107.5,40.4,0.308,SELL_NOW
66.67,68.63,0.1266,500.0,1337.1,2,93.6,70.2,0.459,SELL_NOW
55.87,65.16,0.2291,1000.0,2678.4,3,86.8,3.9,0.634,AGGREGATE
48.56,53.58,0.1565,500.0,2551.2,9,33.2,95.7,0.591,SELL_NOW
16.09,18.28,0.1411,500.0,1623.8,20,75.3,4.6,0.32,AGGREGATE
38.59,32.44,0.0699,1000.0,2105.4,8,63.5,88.1,0.902,SELL_NOW
36.09,46.04,0.0924,0.0,2661.7,5,103.7,89.4,0.199,SELL_NOW
28.18,34.36,0.2145,1000.0,1537.6,19,60.0,52.4,0.136,AGGREGATE
60.64,72.92,0.1442,0.0,1008.4,10,17.1,13.7,0.642,AGGREGATE
44.71,54.17,0.1335,500.0,2285.6,6,2.6,56.5,0.211,AGGREGATE
15.67,19.85,0.0339,0.0,738.2,17,82.0,62.9,0.554,SELL_NOW
25.41,27.25,0.0138,5000.0,1226.7,3,66.9,85.8,0.957,SELL_NOW
57.83,52.05,0.2413,1000.0,2610.6,4,41.1,55.1,0.729,SELL_NOW
15.33,16.99,0.1005,5000.0,2200.8,3,21.9,41.1,0.656,WAIT
69.58,81.51,0.1548,500.0,1271.1,3,57.1,83.8,0.617,SELL_NOW
44.66,52.21,0.0291,1000.0,722.8,12,13.8,98.1,0.262,STORE
43.64,46.29,0.1739,500.0,1132.3,15,41.7,64.5,0.489,SELL_NOW
51.47,42.94,0.2338,5000.0,923.9,13,46.7,87.4,0.408,SELL_NOW
67.73,66.75,0.1482,500.0,610.7,10,56.9,59.9,0.958,WAIT
34.35,43.29,0.0403,1000.0,2255.7,1,57.1,69.0,0.318,SELL_NOW
57.46,62.76,0.1496,1000.0,831.0,13,32.3,68.8,0.524,WAIT
49.6,53.03,0.1939,500.0,1417.1,6,102.3,70.5,0.944,SELL_NOW
28.69,26.81,0.1075,1000.0,1219.0,10,44.0,32.1,0.81,SELL_NOW
71.5,70.38,0.2212,1000.0,2948.0,3,29.1,57.6,0.968,WAIT
65.82,82.12,0.1657,500.0,1234.2,6,22.7,59.4,0.647,AGGREGATE
56.09,63.56,0.2258,5000.0,331.9,15,40.1,31.5,0.4,STORE
69.54,83.01,0.1596,1000.0,360.5,5,10.0,35.0,0.844,SELL_NOW
70.71,72.63,0.0415,1000.0,1813.2,5,5.9,76.2,0.362,SELL_NOW
59.59,66.45,0.0843,1000.0,1838.2,1,73.4,58.3,0.248,AGGREGATE
68.59,63.39,0.0584,1000.0,1314.4,7,75.1,14.9,0.736,SELL_NOW
58.82,67.81,0.2281,500.0,1352.3,6,64.5,83.8,0.675,SELL_NOW
57.61,58.4,0.1925,5000.0,256.4,13,91.9,88.3,0.891,SELL_NOW
53.3,54.44,0.1723,5000.0,1598.0,8,6.6,46.6,0.966,SELL_NOW
62.69,70.51,0.0822,0.0,1563.7,14,112.4,20.9,0.871,AGGREGATE
21.1,26.76,0.0542,1000.0,533.7,17,13.2,94.8,0.154,STORE
71.66,59.62,0.1915,1000.0,401.1,11,81.5,88.2,0.698,SELL_NOW
71.03,86.11,0.1238,0.0,458.4,18,17.7,24.4,0.806,AGGREGATE
12.05,11.4,0.0642,5000.0,393.0,12,105.8,9.6,0.984,SELL_NOW
67.81,69.3,0.158,200.0,1868.2,6,62.3,44.1,0.437,WAIT
19.02,15.43,0.0197,200.0,669.8,9,11.7,67.6,0.253,SELL_NOW
33.46,31.8,0.0883,5000.0,829.1,9,74.8,17.5,0.868,WAIT
62.05,65.23,0.1225,1000.0,603.4,1,3.1,51.3,0.386,WAIT
21.25,17.6,0.0455,200.0,2877.7,13,93.6,42.5,0.638,SELL_NOW
67.26,70.32,0.2463,500.0,2578.4,12,78.8,89.1,0.451,SELL_NOW
68.25,86.24,0.0602,500.0,768.4,5,27.1,43.0,0.462,AGGREGATE
45.52,38.82,0.0413,0.0,1049.9,8,46.2,53.4,0.759,SELL_NOW
10.45,12.35,0.0588,5000.0,708.7,12,2.9,95.5,0.425,STORE
30.09,30.24,0.1946,5000.0,1526.4,8,83.9,30.0,0.724,WAIT
53.18,59.97,0.1121,200.0,156.9,12,40.1,28.9,0.113,STORE
78.68,73.18,0.1457,1000.0,2047.0,4,69.4,80.0,0.392,SELL_NOW
54.23,47.71,0.015,5000.0,1617.2,13,114.9,27.8,0.387,SELL_NOW
28.19,24.81,0.0183,200.0,2706.1,4,37.3,83.2,0.774,SELL_NOW
54.38,45.42,0.117,200.0,576.7,8,118.8,9.6,0.383,SELL_NOW
47.8,42.68,0.206,5000.0,2431.9,7,76.7,11.1,0.67,SELL_NOW
64.59,73.12,0.2225,200.0,2396.7,6,30.6,90.1,0.72,SELL_NOW
17.49,21.7,0.0308,0.0,468.8,7,53.5,54.1,0.693,AGGREGATE
63.27,76.37,0.1392,0.0,1255.8,2,89.4,71.9,0.643,SELL_NOW
47.89,54.72,0.2292,5000.0,593.4,14,54.7,22.5,0.472,STORE
77.41,66.2,0.1031,1000.0,838.7,7,10.1,16.6,0.436,SELL_NOW
33.93,32.05,0.2091,0.0,863.4,0,21.9,83.5,0.608,SELL_NOW
54.28,51.84,0.0421,0.0,1713.1,6,95.4,35.9,0.157,WAIT
75.24,69.6,0.2345,5000.0,1293.1,18,78.5,45.5,0.888,SELL_NOW
17.18,18.16,0.1903,500.0,2848.4,1,69.2,2.8,0.843,SELL_NOW
75.61,80.73,0.2359,200.0,466.5,13,21.8,38.6,0.412,WAIT
58.15,56.9,0.1724,0.0,2923.7,17,100.9,77.0,0.61,SELL_NOW
14.75,14.41,0.0972,500.0,768.9,14,115.4,82.1,0.939,SELL_NOW
31.07,37.72,0.2352,1000.0,2341.3,13,6.8,69.9,0.344,SELL_NOW
59.57,71.17,0.0761,500.0,1083.0,18,11.2,69.2,0.768,SELL_NOW
14.71,14.04,0.0897,5000.0,514.9,18,106.4,50.6,0.174,WAIT
50.75,63.79,0.1782,1000.0,2587.9,16,98.2,53.8,0.571,AGGREGATE
34.21,43.67,0.1937,1000.0,995.7,18,74.9,74.3,0.896,SELL_NOW
53.46,51.51,0.2331,500.0,2010.7,15,113.5,24.7,0.597,SELL_NOW
13.2,12.9,0.0592,5000.0,1742.7,19,78.3,23.2,0.655,WAIT
71.01,74.76,0.2015,0.0,1468.1,18,27.5,95.0,0.917,SELL_NOW
78.14,99.29,0.1873,500.0,1537.9,0,88.0,2.8,0.744,AGGREGATE
77.82,96.36,0.0253,0.0,2223.5,18,78.2,13.9,0.726,AGGREGATE
62.48,53.18,0.1029,500.0,354.5,6,118.3,57.0,0.628,SELL_NOW
19.11,19.04,0.0779,0.0,2037.7,10,27.2,73.8,0.67,SELL_NOW
63.08,67.92,0.0831,500.0,2697.9,4,72.6,53.8,0.823,SELL_NOW
11.72,12.33,0.2459,1000.0,267.6,16,94.1,35.5,0.981,SELL_NOW
11.55,10.36,0.1643,200.0,507.9,10,42.0,97.8,0.816,SELL_NOW
32.65,40.14,0.1822,1000.0,2178.2,7,46.8,70.4,0.737,SELL_NOW
44.21,50.33,0.2444,0.0,1368.1,9,106.8,83.1,0.222,SELL_NOW
63.93,77.93,0.1005,5000.0,1270.3,11,49.7,4.0,0.835,SELL_NOW
57.83,71.1,0.2024,1000.0,497.2,9,75.7,23.6,0.762,SELL_NOW
41.21,48.39,0.1143,200.0,1569.6,12,106.9,37.4,0.793,AGGREGATE
29.15,29.73,0.2187,0.0,467.0,17,26.8,18.3,0.308,SELL_NOW
79.8,88.2,0.0534,1000.0,1482.2,9,117.9,7.3,0.913,AGGREGATE
39.83,35.06,0.2374,500.0,2314.5,18,84.8,22.5,0.188,SELL_NOW
41.6,47.29,0.0625,5000.0,849.0,19,60.5,53.4,0.328,STORE
21.45,19.09,0.0883,0.0,1494.3,16,52.8,69.6,0.697,SELL_NOW
65.64,75.28,0.1915,1000.0,2976.8,19,114.6,77.4,0.706,SELL_NOW
58.56,53.57,0.1045,0.0,2091.3,15,26.3,4.3,0.382,SELL_NOW
25.45,21.86,0.156,500.0,2539.9,4,38.8,42.8,0.731,SELL_NOW
15.77,13.92,0.1167,200.0,1303.1,2,38.3,12.2,0.449,SELL_NOW
57.63,46.17,0.1882,1000.0,2326.8,14,36.1,43.1,0.1,SELL_NOW
55.82,64.71,0.0648,0.0,217.5,1,57.3,43.4,0.246,AGGREGATE
29.13,33.97,0.024,0.0,456.4,12,118.7,49.8,0.894,AGGREGATE
76.56,80.96,0.082,0.0,688.9,7,106.9,89.3,0.3,SELL_NOW
20.57,18.12,0.1238,200.0,1265.7,16,40.7,80.5,0.202,SELL_NOW
40.26,33.89,0.0503,0.0,2552.7,3,51.9,63.7,0.714,SELL_NOW
76.05,61.57,0.0952,5000.0,1104.2,18,81.0,88.5,0.497,SELL_NOW
39.38,34.77,0.106,5000.0,1998.4,8,4.0,67.8,0.817,SELL_NOW
54.7,68.12,0.0238,0.0,2157.0,14,98.8,81.9,0.875,SELL_NOW
37.83,34.83,0.15,5000.0,1799.9,8,105.8,56.4,0.861,SELL_NOW
29.2,28.53,0.2222,1000.0,1136.0,20,103.1,52.5,0.382,SELL_NOW
78.88,67.26,0.0464,5000.0,1773.5,8,46.3,72.4,0.555,SELL_NOW
38.65,35.22,0.1535,0.0,1092.6,13,56.5,2.0,0.685,SELL_NOW
72.59,76.91,0.1695,500.0,343.2,20,3.5,69.0,0.39,WAIT
26.1,28.81,0.1106,1000.0,2979.1,15,49.1,93.5,0.137,SELL_NOW
24.92,22.99,0.1783,200.0,468.8,16,56.3,71.4,0.546,SELL_NOW
12.18,10.1,0.1086,0.0,309.8,12,109.0,3.7,0.112,SELL_NOW
55.62,55.37,0.1311,200.0,2647.7,8,107.5,37.8,0.956,WAIT
35.8,32.83,0.0118,500.0,975.3,14,116.0,81.0,0.817,SELL_NOW
70.51,64.14,0.176,200.0,1985.9,6,106.4,95.9,0.273,SELL_NOW
43.12,55.2,0.1687,0.0,1054.1,0,3.0,37.0,0.359,AGGREGATE
77.77,86.18,0.0192,0.0,1235.2,0,77.7,84.1,0.985,SELL_NOW
22.99,24.79,0.0984,500.0,860.1,4,10.1,86.4,0.436,SELL_NOW
70.8,71.36,0.245,0.0,1094.8,8,34.2,12.3,0.805,SELL_NOW
64.36,65.29,0.111,500.0,1291.0,11,70.2,84.6,0.502,SELL_NOW
63.96,68.47,0.1305,500.0,2189.2,5,84.7,32.4,0.878,SELL_NOW
69.13,79.38,0.2284,0.0,1583.5,12,79.2,59.3,0.733,AGGREGATE
63.27,72.83,0.1821,5000.0,2836.3,7,7.8,53.9,0.121,STORE
53.84,47.69,0.1497,500.0,221.5,14,14.2,66.3,0.365,SELL_NOW
19.19,20.15,0.2015,0.0,1558.9,5,17.2,74.0,0.602,SELL_NOW
12.28,12.35,0.2174,5000.0,1794.3,5,12.8,44.1,0.934,SELL_NOW
74.46,91.98,0.1197,500.0,2768.6,3,23.0,88.8,0.192,SELL_NOW
53.17,59.32,0.124,5000.0,242.6,10,83.2,80.9,0.641,WAIT
65.76,70.11,0.1027,1000.0,1763.1,20,100.0,78.5,0.372,SELL_NOW
43.71,37.49,0.242,1000.0,2575.5,17,50.2,45.8,0.9,SELL_NOW
18.21,20.08,0.1773,5000.0,801.6,2,83.7,3.8,0.789,SELL_NOW
18.76,16.11,0.03,500.0,2641.2,2,25.6,49.2,0.433,SELL_NOW
57.99,56.17,0.2171,0.0,155.2,11,116.8,89.8,0.25,SELL_NOW
40.12,34.96,0.1253,200.0,2224.1,20,43.3,19.0,0.11,SELL_NOW
24.04,27.55,0.0265,0.0,2806.0,20,101.8,98.3,0.659,SELL_NOW
44.41,40.11,0.1419,200.0,2005.9,5,113.6,80.8,0.466,SELL_NOW
14.49,14.44,0.1101,200.0,1373.2,20,104.0,71.0,0.383,SELL_NOW
50.74,63.31,0.2207,500.0,230.2,5,9.9,67.7,0.987,SELL_NOW
28.83,26.01,0.059,5000.0,2768.3,7,78.7,58.7,0.52,SELL_NOW
65.83,69.38,0.2084,0.0,1463.9,14,16.2,72.1,0.775,SELL_NOW
31.73,32.03,0.1438,5000.0,184.1,17,2.7,42.2,0.26,WAIT
41.87,33.87,0.0231,1000.0,2100.5,19,8.1,84.5,0.112,SELL_NOW
10.81,12.94,0.2432,500.0,1497.3,15,110.1,69.6,0.476,SELL_NOW
15.07,12.58,0.133,500.0,460.6,5,109.2,77.1,0.699,SELL_NOW
37.47,38.87,0.0798,1000.0,721.4,20,28.6,79.2,0.556,WAIT
43.6,47.1,0.1227,0.0,287.0,16,66.6,9.2,0.901,AGGREGATE
52.0,57.94,0.2159,1000.0,1765.5,8,114.7,5.6,0.491,AGGREGATE
30.42,34.81,0.0832,0.0,1903.9,18,60.6,80.1,0.38,SELL_NOW
58.65,54.35,0.0562,200.0,1566.7,17,48.4,25.9,0.924,SELL_NOW
70.21,56.52,0.041,500.0,2469.6,4,59.0,58.2,0.466,SELL_NOW
64.59,75.04,0.0815,0.0,2596.9,5,95.2,44.4,0.343,AGGREGATE
12.77,13.64,0.1972,5000.0,1885.3,11,58.3,2.2,0.188,WAIT
43.64,53.15,0.1232,5000.0,137.0,10,94.4,4.0,0.814,SELL_NOW
17.35,21.0,0.0646,500.0,2116.2,15,52.9,82.7,0.843,SELL_NOW
26.94,32.92,0.0499,1000.0,1312.2,19,31.7,60.8,0.13,SELL_NOW
79.07,82.43,0.0899,1000.0,1740.1,16,40.5,52.4,0.423,SELL_NOW
19.97,19.31,0.2356,0.0,1982.3,19,11.2,94.4,0.775,SELL_NOW
44.92,53.72,0.0923,1000.0,1115.7,8,60.7,17.3,0.952,AGGREGATE
53.27,54.64,0.2471,500.0,2759.6,0,19.5,25.8,0.44,WAIT
59.17,52.77,0.1265,0.0,488.5,2,97.8,75.7,0.885,SELL_NOW
49.18,60.36,0.053,200.0,2047.4,20,51.6,77.5,0.454,SELL_NOW
10.68,13.26,0.2239,1000.0,112.6,8,92.3,40.5,0.262,STORE
32.85,33.94,0.1205,1000.0,2781.5,18,114.6,95.1,0.103,SELL_NOW
46.24,38.74,0.1803,0.0,426.3,12,102.2,93.8,0.397,SELL_NOW
16.15,16.05,0.2461,5000.0,375.2,13,114.3,1.2,0.441,WAIT
34.54,41.51,0.022,1000.0,1065.7,19,69.0,17.2,0.951,AGGREGATE
12.32,15.42,0.0332,500.0,1183.3,18,21.5,82.0,0.285,SELL_NOW
15.5,13.98,0.1829,1000.0,721.5,6,112.4,33.5,0.444,SELL_NOW
37.78,31.49,0.0776,200.0,1796.9,3,104.5,9.5,0.123,SELL_NOW
19.29,23.89,0.0542,1000.0,1384.5,11,104.0,78.5,0.787,SELL_NOW
49.73,49.46,0.0194,5000.0,199.1,13,83.8,45.5,0.924,WAIT
58.26,62.39,0.0152,1000.0,1027.0,1,75.7,49.2,0.314,WAIT
66.04,84.8,0.1959,0.0,2450.3,0,3.7,18.6,0.486,AGGREGATE
24.01,20.01,0.0423,1000.0,2100.1,17,90.3,66.1,0.21,SELL_NOW
21.72,24.42,0.1223,5000.0,2202.1,19,12.8,55.1,0.511,WAIT
17.32,14.5,0.1554,0.0,2124.5,7,32.7,20.7,0.22,SELL_NOW
54.55,53.88,0.1128,500.0,1001.8,2,67.1,34.0,0.571,WAIT
59.45,71.46,0.0165,0.0,389.0,5,55.3,59.7,0.761,AGGREGATE
12.21,12.42,0.198,200.0,890.2,12,3.9,92.5,0.598,SELL_NOW
75.53,98.09,0.0125,0.0,2512.2,8,99.2,92.0,0.321,SELL_NOW
13.64,14.72,0.1929,500.0,2943.4,8,105.7,28.8,0.418,WAIT
47.89,46.0,0.2244,1000.0,1532.2,19,82.5,73.6,0.675,SELL_NOW
59.63,54.27,0.1139,0.0,128.1,8,65.8,77.6,0.631,SELL_NOW
70.97,69.21,0.1385,0.0,506.1,14,115.4,80.9,0.223,SELL_NOW
59.99,59.16,0.1245,0.0,1034.0,12,16.2,57.1,0.86,WAIT
66.12,55.17,0.1034,0.0,1777.9,15,89.1,1.1,0.528,SELL_NOW
33.76,33.25,0.223,500.0,317.8,1,17.1,76.2,0.246,WAIT
67.04,69.19,0.2245,5000.0,2835.7,13,47.1,10.7,0.211,WAIT
15.61,18.13,0.0906,5000.0,1158.7,5,71.1,11.7,0.969,SELL_NOW
72.64,81.96,0.1576,0.0,2746.5,1,89.0,60.6,0.353,SELL_NOW
48.33,55.79,0.2325,500.0,2363.5,7,2.4,98.4,0.918,SELL_NOW
67.21,54.05,0.2409,500.0,2290.8,3,32.8,24.3,0.47,SELL_NOW
41.66,37.86,0.1322,0.0,1859.5,20,65.5,64.6,0.447,SELL_NOW
55.05,62.25,0.1187,200.0,1917.7,13,64.9,30.4,0.731,AGGREGATE
46.85,48.82,0.0769,0.0,1950.2,10,77.2,89.9,0.109,SELL_NOW
61.21,49.13,0.2401,200.0,1923.3,13,37.9,59.4,0.404,SELL_NOW
15.71,18.89,0.0443,0.0,1705.8,11,65.8,20.7,0.372,AGGREGATE
14.22,16.88,0.1492,200.0,2960.6,15,24.4,26.2,0.881,AGGREGATE
27.3,29.32,0.0778,200.0,2223.6,5,24.1,43.2,0.576,WAIT
21.17,17.64,0.077,0.0,2353.1,19,70.0,12.2,0.428,SELL_NOW
71.02,84.04,0.1072,200.0,2630.1,0,82.9,7.9,0.339,AGGREGATE
25.34,27.67,0.2497,1000.0,725.4,11,16.2,68.0,0.631,WAIT
78.31,93.27,0.0232,5000.0,343.0,6,16.5,40.7,0.237,STORE
33.58,39.49,0.1489,500.0,1500.4,7,68.7,72.6,0.322,SELL_NOW
22.75,27.33,0.0298,200.0,1590.8,8,33.9,11.0,0.364,AGGREGATE
65.28,69.13,0.0471,200.0,2504.6,1,48.3,61.0,0.647,SELL_NOW
56.11,48.82,0.1155,500.0,1387.0,16,49.3,44.3,0.436,SELL_NOW
44.87,50.96,0.1325,200.0,1755.5,19,23.1,5.8,0.555,AGGREGATE
48.88,54.26,0.0721,500.0,1628.5,12,2.2,54.5,0.685,AGGREGATE
60.34,70.67,0.0859,0.0,210.8,4,102.7,8.3,0.961,AGGREGATE
25.99,23.0,0.0309,1000.0,1884.1,9,86.4,82.8,0.788,SELL_NOW
79.74,71.57,0.0828,1000.0,2501.3,11,83.5,63.2,0.465,SELL_NOW
78.24,97.42,0.242,5000.0,556.8,16,66.5,55.7,0.773,SELL_NOW
55.52,65.24,0.2367,200.0,1823.6,20,84.7,13.3,0.955,AGGREGATE
23.97,30.06,0.0904,5000.0,1821.5,5,112.4,28.7,0.549,WAIT
57.62,67.95,0.147,0.0,576.1,2,80.5,49.3,0.469,AGGREGATE
15.05,16.54,0.2283,1000.0,458.0,14,33.3,63.3,0.17,WAIT
12.15,13.69,0.0115,0.0,2942.2,6,69.3,18.3,0.903,AGGREGATE
28.04,34.89,0.2046,0.0,1241.8,5,54.2,0.9,0.322,AGGREGATE
42.38,46.17,0.2376,200.0,759.5,3,67.7,34.5,0.158,AGGREGATE
70.78,79.0,0.0319,0.0,596.8,18,63.1,48.3,0.583,AGGREGATE
60.9,53.49,0.0487,1000.0,2036.0,4,103.3,18.4,0.861,SELL_NOW
61.99,64.28,0.2406,5000.0,1867.4,2,78.9,49.2,0.466,WAIT
39.78,46.08,0.139,1000.0,1966.3,8,24.3,33.8,0.805,AGGREGATE
34.22,32.01,0.0134,200.0,355.2,5,9.4,45.5,0.853,SELL_NOW
35.97,32.42,0.0718,1000.0,2691.3,12,52.1,34.7,0.509,SELL_NOW
79.14,75.73,0.118,500.0,1228.9,19,3.8,62.8,0.632,SELL_NOW
12.81,11.79,0.1763,5000.0,1008.8,3,39.6,4.3,0.581,SELL_NOW
70.69,64.15,0.186,500.0,1440.8,1,45.4,17.1,0.945,SELL_NOW
50.51,51.13,0.2489,500.0,1231.2,3,46.3,43.3,0.753,SELL_NOW
40.7,51.04,0.079,200.0,2604.4,7,117.6,35.6,0.933,AGGREGATE
60.77,64.02,0.1392,0.0,2794.9,12,37.9,39.2,0.298,WAIT
44.07,39.39,0.138,500.0,980.0,9,33.3,80.4,0.379,SELL_NOW
71.14,59.65,0.1074,1000.0,2605.4,17,17.3,88.6,0.164,SELL_NOW
73.05,83.87,0.0506,0.0,2366.4,8,62.3,24.9,0.55,AGGREGATE
39.52,39.18,0.2446,1000.0,2799.3,0,20.1,83.6,0.887,SELL_NOW
29.38,35.57,0.2148,1000.0,812.7,12,74.7,45.9,0.394,STORE
51.46,58.14,0.1296,0.0,1773.2,17,20.3,27.4,0.215,AGGREGATE
73.87,88.5,0.1548,0.0,896.2,14,70.0,98.5,0.162,SELL_NOW
24.75,23.16,0.0645,1000.0,2489.9,1,99.5,82.5,0.503,SELL_NOW
53.61,61.44,0.1405,200.0,115.4,10,7.0,99.4,0.248,STORE
54.21,50.52,0.1768,5000.0,1738.0,13,51.5,16.8,0.411,SELL_NOW
61.32,77.85,0.1336,5000.0,1083.7,14,56.4,14.4,0.838,SELL_NOW
19.21,21.48,0.2477,200.0,1035.8,13,95.3,50.3,0.446,AGGREGATE
60.11,57.84,0.1567,0.0,1970.2,15,57.2,63.9,0.649,SELL_NOW
73.63,68.83,0.099,1000.0,2569.3,14,69.0,17.1,0.552,SELL_NOW
22.58,20.22,0.1953,5000.0,1866.7,18,95.4,86.0,0.747,SELL_NOW
26.63,30.55,0.0509,1000.0,2574.2,8,68.1,53.2,0.241,AGGREGATE
78.0,70.93,0.1023,200.0,867.3,4,44.3,41.1,0.928,SELL_NOW
22.67,24.88,0.0933,1000.0,1606.6,4,12.1,60.2,0.679,SELL_NOW
69.81,65.08,0.1136,200.0,1406.6,10,88.1,63.5,0.344,SELL_NOW
44.46,50.28,0.1976,0.0,133.8,19,104.8,4.3,0.211,AGGREGATE
27.31,32.97,0.1262,200.0,1714.8,3,116.5,100.0,0.235,SELL_NOW
70.95,84.36,0.2006,200.0,2018.4,19,111.3,36.4,0.804,AGGREGATE
41.17,48.6,0.1484,5000.0,1816.6,17,96.1,6.2,0.629,WAIT
46.04,41.15,0.0921,1000.0,2235.2,2,77.9,85.2,0.443,SELL_NOW
35.15,29.67,0.2044,5000.0,1756.9,3,94.2,99.3,0.4,SELL_NOW
51.51,59.21,0.0672,500.0,293.6,13,53.0,81.6,0.87,SELL_NOW
21.45,21.11,0.0639,200.0,437.7,6,72.2,85.2,0.887,SELL_NOW
37.38,37.98,0.1311,500.0,1829.8,7,43.1,62.6,0.623,SELL_NOW
77.86,63.5,0.0726,5000.0,897.4,15,40.6,92.2,0.572,SELL_NOW
28.07,26.1,0.0122,1000.0,331.0,19,91.3,3.6,0.835,SELL_NOW
55.97,45.72,0.1656,5000.0,1345.8,14,55.6,76.7,0.774,SELL_NOW
32.76,40.61,0.1327,1000.0,1707.5,6,27.0,67.1,0.46,SELL_NOW
64.14,59.12,0.1169,1000.0,1053.4,16,25.8,5.0,0.174,SELL_NOW
19.16,20.67,0.2421,0.0,2189.3,11,103.4,54.4,0.792,SELL_NOW
77.89,63.83,0.1471,200.0,1966.9,17,82.0,51.5,0.252,SELL_NOW
41.77,47.34,0.2172,5000.0,1065.2,13,66.4,69.2,0.115,STORE
26.52,25.5,0.0435,1000.0,2289.1,14,49.3,7.8,0.859,WAIT
15.14,18.92,0.1466,5000.0,1981.2,14,52.8,80.5,0.62,WAIT
21.88,27.22,0.2183,5000.0,1948.6,4,8.8,13.9,0.902,SELL_NOW
46.38,44.65,0.1499,1000.0,1704.9,15,55.7,41.9,0.536,SELL_NOW
33.59,42.0,0.1823,500.0,133.0,4,95.9,88.1,0.934,SELL_NOW
68.02,88.3,0.0993,200.0,2119.9,1,47.8,56.1,0.419,AGGREGATE
40.16,48.7,0.0322,200.0,1190.5,19,47.3,38.0,0.752,AGGREGATE
27.41,33.51,0.1199,0.0,2833.6,8,3.9,4.8,0.371,AGGREGATE
53.2,49.18,0.1047,0.0,2472.2,8,56.0,67.2,0.101,SELL_NOW
59.47,64.73,0.2181,0.0,1804.3,3,5.0,98.7,0.442,SELL_NOW
21.69,18.08,0.0686,200.0,831.3,14,69.3,91.2,0.764,SELL_NOW
21.73,18.42,0.242,500.0,690.8,10,61.8,71.7,0.235,SELL_NOW
12.57,16.33,0.24,200.0,1087.1,0,101.1,10.5,0.554,AGGREGATE
61.55,59.29,0.0694,200.0,1482.0,17,70.7,23.9,0.291,SELL_NOW
56.47,66.3,0.0935,200.0,958.6,0,40.2,18.7,0.167,AGGREGATE
43.22,52.01,0.2249,200.0,1593.3,7,62.9,35.5,0.656,AGGREGATE
69.09,84.91,0.242,500.0,579.6,15,84.6,23.6,0.957,AGGREGATE
66.4,86.24,0.1164,0.0,2935.4,17,13.1,24.4,0.38,AGGREGATE
50.97,46.93,0.087,5000.0,413.0,8,75.3,61.7,0.623,SELL_NOW
70.78,58.05,0.1363,0.0,2802.6,11,110.2,31.9,0.958,SELL_NOW
24.41,24.55,0.1751,0.0,2749.4,18,37.3,67.7,0.685,SELL_NOW
17.83,15.43,0.0756,5000.0,1623.5,17,75.9,94.8,0.706,SELL_NOW
28.88,23.43,0.1868,200.0,2202.2,4,98.9,63.8,0.261,SELL_NOW
14.0,13.72,0.0224,500.0,1364.5,1,62.4,75.2,0.543,SELL_NOW
47.18,56.23,0.0218,500.0,1927.1,6,86.7,75.2,0.43,SELL_NOW
75.56,81.84,0.1027,0.0,1087.7,9,38.7,33.1,0.524,AGGREGATE
12.75,12.2,0.0948,5000.0,973.4,14,38.1,1.5,0.821,WAIT
18.55,20.91,0.0858,1000.0,1776.9,6,80.8,5.5,0.515,AGGREGATE
41.65,38.16,0.1278,200.0,1544.6,4,85.2,28.2,0.157,SELL_NOW
75.37,60.84,0.087,0.0,1780.7,14,112.6,69.0,0.915,SELL_NOW
32.13,37.98,0.0561,500.0,931.3,19,28.5,90.7,0.59,SELL_NOW
45.51,50.6,0.0843,5000.0,1164.2,19,57.2,95.9,0.932,SELL_NOW
12.91,15.25,0.244,5000.0,343.3,14,31.6,2.6,0.615,WAIT
20.38,16.7,0.1087,0.0,251.6,9,11.5,99.0,0.163,SELL_NOW
79.06,96.34,0.1167,1000.0,835.0,13,49.6,32.2,0.598,WAIT
77.56,86.07,0.1484,500.0,315.3,9,46.1,84.3,0.618,WAIT
10.35,11.19,0.246,0.0,400.9,16,33.9,18.0,0.293,AGGREGATE
76.63,85.23,0.068,1000.0,2457.5,20,37.0,6.3,0.524,AGGREGATE
54.74,67.45,0.1735,5000.0,212.7,13,44.5,37.8,0.513,WAIT
70.75,77.37,0.1818,200.0,2010.9,1,118.7,85.9,0.661,SELL_NOW
41.83,45.62,0.1558,500.0,890.4,15,94.4,22.1,0.334,AGGREGATE
46.09,59.7,0.0313,500.0,2627.5,12,10.4,15.4,0.624,AGGREGATE
44.22,52.11,0.1724,1000.0,1506.5,8,104.9,91.0,0.317,SELL_NOW
56.68,57.88,0.0254,0.0,986.2,6,76.7,93.8,0.502,SELL_NOW
19.78,22.82,0.1531,5000.0,1601.2,15,107.1,1.3,0.21,STORE
12.1,12.03,0.1875,1000.0,1207.7,9,42.3,72.7,0.134,SELL_NOW
31.56,28.86,0.0606,200.0,1736.5,8,56.8,30.9,0.389,SELL_NOW
59.33,65.17,0.212,200.0,432.1,6,107.8,37.5,0.347,AGGREGATE
24.13,30.5,0.0173,200.0,2991.3,15,34.2,46.9,0.466,AGGREGATE
57.14,72.26,0.2125,1000.0,1334.1,8,110.0,42.7,0.966,AGGREGATE
77.89,75.63,0.1205,5000.0,1109.9,16,99.8,51.5,0.57,WAIT
16.57,17.63,0.0622,500.0,2159.6,19,117.7,58.2,0.598,SELL_NOW
57.08,51.71,0.0421,0.0,1155.3,6,40.3,46.6,0.947,SELL_NOW
41.06,53.29,0.2388,500.0,2516.5,10,29.8,70.2,0.929,SELL_NOW
70.77,91.33,0.0274,5000.0,1417.4,7,41.0,71.9,0.896,SELL_NOW
22.4,25.2,0.0578,500.0,2186.7,6,114.6,44.0,0.188,AGGREGATE
58.48,70.31,0.0935,1000.0,411.6,18,41.3,14.2,0.671,WAIT
68.67,79.49,0.1589,200.0,2553.7,19,68.7,64.1,0.827,SELL_NOW
76.12,83.47,0.1408,5000.0,2233.6,11,49.6,77.3,0.852,SELL_NOW
57.83,47.8,0.0402,5000.0,714.0,6,48.8,63.8,0.62,SELL_NOW
44.8,46.03,0.0795,500.0,521.3,7,24.8,58.8,0.116,WAIT
53.25,60.57,0.0673,1000.0,1017.2,6,65.4,22.9,0.976,AGGREGATE
70.82,80.65,0.0613,500.0,2930.6,5,102.2,64.5,0.525,SELL_NOW
49.94,49.27,0.1087,500.0,844.8,8,7.8,33.5,0.454,WAIT
12.13,15.41,0.179,5000.0,1422.8,12,106.9,92.0,0.455,STORE
75.17,66.42,0.0622,500.0,187.1,6,80.5,65.4,0.482,SELL_NOW
58.27,61.19,0.098,200.0,1252.0,7,74.8,27.8,0.318,WAIT
57.36,65.7,0.1038,500.0,1756.8,16,75.9,47.3,0.395,AGGREGATE
25.1,28.83,0.2443,200.0,2864.1,16,37.0,84.7,0.987,SELL_NOW
56.12,63.1,0.2391,5000.0,1598.5,15,51.0,33.5,0.431,STORE
37.57,35.23,0.202,1000.0,2475.4,1,96.3,52.5,0.574,SELL_NOW
55.59,48.81,0.068,200.0,1686.7,7,38.2,68.0,0.863,SELL_NOW
17.46,19.52,0.0263,1000.0,218.3,16,57.5,75.5,0.575,WAIT
56.05,61.63,0.0861,1000.0,1013.5,12,4.3,17.4,0.392,AGGREGATE
79.96,71.14,0.074,200.0,1769.1,17,88.6,56.5,0.571,SELL_NOW
13.37,15.42,0.1314,5000.0,2856.7,9,51.3,91.2,0.203,STORE
78.4,80.56,0.1967,0.0,2591.5,1,64.0,96.8,0.217,SELL_NOW
38.48,43.64,0.216,1000.0,762.2,1,15.5,65.6,0.725,WAIT
70.95,86.47,0.2128,1000.0,738.3,13,119.0,98.4,0.926,SELL_NOW
64.77,57.31,0.0963,5000.0,683.4,15,37.7,57.1,0.753,SELL_NOW
49.69,40.23,0.1749,5000.0,2775.2,6,76.9,44.3,0.167,SELL_NOW
61.69,73.39,0.0851,500.0,2572.7,20,70.6,55.2,0.463,AGGREGATE
71.5,78.99,0.0246,5000.0,2347.2,20,94.6,11.6,0.102,STORE
38.29,44.03,0.1784,1000.0,1238.9,11,36.7,40.2,0.56,AGGREGATE
32.89,40.1,0.0124,200.0,1562.7,13,91.2,45.8,0.274,AGGREGATE
56.73,68.16,0.1082,0.0,1446.6,3,47.1,84.9,0.881,SELL_NOW
66.55,85.21,0.0891,500.0,834.9,3,50.5,75.9,0.194,SELL_NOW
63.36,67.67,0.1764,200.0,1564.6,17,81.4,60.1,0.101,SELL_NOW
65.85,68.76,0.1939,0.0,188.4,2,94.5,34.7,0.506,WAIT
40.49,40.53,0.083,0.0,482.3,0,80.7,18.7,0.24,WAIT
67.25,58.97,0.2048,0.0,2671.1,16,108.2,34.8,0.764,SELL_NOW
18.41,20.0,0.0805,200.0,2279.9,6,35.6,68.0,0.928,SELL_NOW
48.11,45.16,0.1171,500.0,1326.3,15,108.3,26.3,0.138,SELL_NOW
10.4,13.11,0.1845,500.0,1599.7,4,17.4,42.7,0.456,AGGREGATE
32.72,35.72,0.1763,0.0,1173.0,18,79.8,38.7,0.997,AGGREGATE
35.65,39.09,0.247,200.0,2248.3,6,66.6,76.6,0.759,SELL_NOW
37.73,36.88,0.064,0.0,2374.1,13,60.4,88.4,0.958,SELL_NOW
58.68,48.47,0.169,5000.0,2313.5,1,38.7,69.9,0.248,SELL_NOW
37.2,30.35,0.1563,500.0,2195.6,2,61.4,34.2,0.299,SELL_NOW
41.41,41.89,0.2296,1000.0,693.1,16,21.1,43.3,0.239,WAIT
26.63,22.43,0.0475,0.0,1080.1,15,45.6,14.3,0.372,SELL_NOW
36.13,39.86,0.1904,5000.0,1462.6,7,13.6,16.8,0.752,SELL_NOW
25.91,32.14,0.1464,500.0,1059.3,17,69.5,16.4,0.248,AGGREGATE
15.12,18.78,0.0759,200.0,2289.3,14,13.3,13.1,0.572,AGGREGATE
52.24,59.01,0.1239,500.0,1055.1,6,20.9,18.0,0.342,AGGREGATE
56.77,51.42,0.0901,200.0,500.9,8,12.1,20.3,0.846,SELL_NOW
53.36,65.72,0.149,200.0,1257.2,5,47.0,11.2,0.106,AGGREGATE
42.44,52.76,0.2234,0.0,2941.8,17,101.4,64.0,0.301,SELL_NOW
36.59,32.87,0.1466,0.0,755.1,17,109.0,99.0,0.645,SELL_NOW
70.43,82.32,0.1616,500.0,1875.3,13,10.5,87.9,0.187,SELL_NOW
46.34,43.71,0.1345,5000.0,1355.6,13,76.9,4.6,0.52,SELL_NOW
43.54,52.31,0.0223,500.0,306.0,13,82.8,42.3,0.493,STORE
11.79,15.32,0.0659,1000.0,1514.8,3,65.0,85.9,0.867,SELL_NOW
33.89,27.62,0.1281,200.0,2136.3,3,80.7,13.5,0.663,SELL_NOW
36.61,45.72,0.0845,200.0,1588.3,14,29.6,84.8,0.676,SELL_NOW
37.92,42.14,0.0536,0.0,2629.1,14,59.8,59.3,0.957,AGGREGATE
50.61,65.12,0.131,5000.0,937.9,17,48.1,93.1,0.984,SELL_NOW
47.35,48.89,0.0875,0.0,350.1,13,12.6,87.6,0.688,SELL_NOW
52.55,64.31,0.0719,1000.0,2816.0,0,75.8,67.7,0.57,SELL_NOW
63.54,52.82,0.1214,500.0,1196.8,9,60.4,65.8,0.647,SELL_NOW
66.91,64.74,0.042,500.0,1771.6,19,34.5,21.3,0.444,SELL_NOW
60.27,50.23,0.2327,5000.0,2396.8,9,57.9,11.7,0.989,SELL_NOW
76.89,99.0,0.2182,0.0,1040.5,9,93.5,41.5,0.735,AGGREGATE
11.28,13.63,0.1798,0.0,2176.9,1,96.6,18.7,0.362,AGGREGATE
23.7,29.07,0.0355,1000.0,492.7,7,78.6,10.2,0.152,STORE
10.53,13.36,0.1962,500.0,944.8,0,57.2,30.2,0.14,AGGREGATE
55.32,46.61,0.2039,0.0,519.7,0,69.9,86.0,0.284,SELL_NOW
72.86,72.34,0.1943,5000.0,2452.6,3,47.4,1.7,0.31,WAIT
27.04,22.6,0.0374,500.0,745.7,6,16.9,29.3,0.474,SELL_NOW
74.89,67.81,0.1645,1000.0,2180.5,8,47.5,42.4,0.293,SELL_NOW
14.22,13.01,0.2102,5000.0,2835.6,15,64.6,51.1,0.668,SELL_NOW
75.41,78.02,0.1486,200.0,1630.5,4,72.7,18.2,0.29,WAIT
34.61,32.34,0.1651,1000.0,1666.1,1,112.4,96.4,0.269,SELL_NOW
17.1,14.54,0.12,5000.0,1437.0,10,93.7,57.9,0.524,SELL_NOW
44.01,38.89,0.1369,0.0,1045.1,17,19.9,52.2,0.9,SELL_NOW
27.97,24.44,0.0183,200.0,1479.4,18,22.6,0.9,0.521,SELL_NOW
29.94,38.52,0.1634,1000.0,1848.1,12,13.9,48.6,0.472,AGGREGATE
31.51,37.17,0.0295,0.0,2959.4,10,89.1,83.8,0.62,SELL_NOW
66.21,85.01,0.1144,200.0,2819.5,19,85.3,22.0,0.331,AGGREGATE
47.74,48.69,0.0802,500.0,2600.2,18,118.4,35.1,0.418,SELL_NOW
31.79,29.86,0.1409,0.0,2678.5,16,63.6,2.1,0.292,SELL_NOW
52.72,63.22,0.042,5000.0,1456.8,4,99.5,97.7,0.615,WAIT
60.13,57.91,0.176,1000.0,2006.6,12,70.0,6.7,0.728,WAIT
29.08,27.62,0.2008,200.0,2695.7,19,105.1,89.8,0.706,SELL_NOW
38.95,35.69,0.0492,0.0,1239.6,0,87.1,31.3,0.329,SELL_NOW
18.53,16.03,0.035,500.0,2889.1,9,77.9,58.8,0.802,SELL_NOW
22.68,21.05,0.0449,1000.0,1305.8,7,68.7,67.9,0.33,SELL_NOW
57.68,56.39,0.2205,1000.0,1843.1,7,87.3,14.1,0.235,WAIT
22.7,25.81,0.1368,0.0,2158.4,18,51.5,44.4,0.415,AGGREGATE
46.76,38.87,0.1221,500.0,2856.7,5,13.4,32.5,0.638,SELL_NOW
59.63,53.98,0.0356,200.0,809.4,11,6.7,5.7,0.228,SELL_NOW
17.48,21.06,0.1659,0.0,2263.8,6,58.5,83.3,0.683,SELL_NOW
49.71,43.42,0.2183,200.0,1610.4,15,72.7,4.5,0.877,SELL_NOW
27.96,27.16,0.2088,1000.0,878.8,8,11.3,65.3,0.364,WAIT
77.4,95.39,0.1603,200.0,2352.2,20,35.9,31.4,0.505,AGGREGATE
43.85,38.48,0.0281,500.0,1701.4,9,40.0,19.2,0.305,SELL_NOW
66.42,55.88,0.037,5000.0,2016.8,9,68.4,66.7,0.425,SELL_NOW
48.52,50.57,0.0218,500.0,1036.4,9,34.9,57.5,0.12,WAIT
13.04,12.4,0.0718,200.0,1495.7,19,13.3,31.5,0.958,SELL_NOW
54.32,58.76,0.0426,0.0,1890.3,15,21.5,51.3,0.474,AGGREGATE
76.6,92.06,0.0724,1000.0,1274.2,0,22.5,24.6,0.81,AGGREGATE
52.11,45.26,0.1024,5000.0,675.3,16,101.4,86.4,0.228,SELL_NOW
67.34,73.43,0.2363,0.0,2888.8,20,35.5,31.4,0.831,AGGREGATE
71.89,75.69,0.1565,0.0,1583.3,13,86.3,24.5,0.874,SELL_NOW
25.97,22.64,0.2104,500.0,2228.4,18,69.0,75.2,0.744,SELL_NOW
24.84,27.63,0.1805,200.0,1292.0,20,117.3,1.8,0.913,AGGREGATE
52.77,49.43,0.037,500.0,1129.9,20,34.2,26.8,0.25,SELL_NOW
38.77,40.47,0.1866,200.0,1280.8,16,20.7,37.5,0.529,SELL_NOW
68.79,57.86,0.076,500.0,1286.7,13,8.1,88.2,0.658,SELL_NOW
73.0,75.18,0.1634,0.0,1678.1,7,30.4,95.0,0.637,SELL_NOW
34.74,33.11,0.0918,1000.0,1676.1,20,82.7,71.6,0.875,SELL_NOW
26.58,32.19,0.2494,200.0,1541.7,20,12.1,49.3,0.294,AGGREGATE
64.64,53.55,0.0733,5000.0,490.9,8,30.9,64.1,0.258,SELL_NOW
29.24,29.51,0.077,5000.0,1538.6,7,102.9,41.4,0.328,WAIT
67.58,69.56,0.2334,0.0,590.4,12,70.8,29.9,0.902,SELL_NOW
39.66,46.11,0.0159,500.0,465.8,16,10.2,95.1,0.947,SELL_NOW
56.73,61.67,0.1772,500.0,2804.7,18,7.6,11.5,0.613,AGGREGATE
16.69,18.92,0.1841,0.0,1854.4,6,9.2,34.6,0.551,AGGREGATE
53.67,63.79,0.2107,5000.0,2012.5,16,113.1,89.9,0.645,WAIT
41.62,51.24,0.2439,5000.0,1265.2,0,102.3,72.3,0.655,WAIT
51.06,48.86,0.2441,500.0,2736.0,4,101.7,2.9,0.253,WAIT
21.76,23.26,0.0257,200.0,1950.0,5,111.1,2.3,0.718,WAIT
61.58,75.13,0.2072,1000.0,2330.6,1,61.6,51.7,0.507,AGGREGATE
70.4,91.14,0.1651,200.0,1168.8,15,31.2,48.4,0.566,AGGREGATE
25.17,31.33,0.1654,5000.0,2884.0,4,49.4,44.3,0.127,STORE
16.7,16.46,0.0408,200.0,2479.3,4,86.8,30.2,0.788,WAIT
11.65,10.46,0.166,1000.0,2576.5,11,105.4,98.7,0.852,SELL_NOW
54.94,57.39,0.2458,200.0,599.4,2,53.3,27.2,0.657,WAIT
52.5,61.46,0.2288,200.0,885.8,15,65.2,49.0,0.774,AGGREGATE
48.27,50.5,0.1154,200.0,928.3,5,112.0,40.5,0.57,WAIT
26.24,27.33,0.0196,200.0,885.6,14,14.7,17.0,0.657,WAIT
37.36,45.55,0.097,0.0,2580.7,14,103.8,20.3,0.455,AGGREGATE
51.61,50.62,0.2083,5000.0,192.5,15,20.8,91.8,0.813,WAIT
44.77,55.07,0.1784,1000.0,320.7,19,59.1,85.8,0.521,WAIT
79.14,79.41,0.1202,5000.0,894.4,12,27.8,19.9,0.712,WAIT
19.55,18.85,0.0232,0.0,679.6,11,73.1,87.6,0.659,SELL_NOW
58.66,60.24,0.1125,0.0,772.4,9,67.9,20.9,0.732,WAIT
38.3,45.24,0.1226,0.0,2414.0,13,46.8,62.7,0.807,SELL_NOW
39.97,34.5,0.2329,0.0,1733.1,1,103.9,8.1,0.561,SELL_NOW
60.23,54.1,0.1639,200.0,116.7,2,79.9,88.0,0.832,SELL_NOW
58.47,74.59,0.0848,5000.0,1345.0,8,87.1,5.2,0.548,WAIT
79.39,70.48,0.1361,500.0,1282.9,10,19.8,55.5,0.961,SELL_NOW
18.99,20.58,0.0259,1000.0,430.4,10,106.2,78.0,0.777,SELL_NOW
17.29,18.84,0.2434,0.0,2060.8,9,21.7,11.7,0.254,AGGREGATE
60.7,63.42,0.0964,5000.0,2136.1,13,28.3,40.4,0.847,SELL_NOW
50.49,56.67,0.1247,0.0,2190.6,8,17.1,4.2,0.596,AGGREGATE
29.19,26.71,0.0953,0.0,2212.6,19,54.0,68.3,0.986,SELL_NOW
15.56,16.75,0.1738,0.0,100.2,20,106.7,30.7,0.747,SELL_NOW
16.0,15.77,0.1689,0.0,2866.4,9,31.8,55.9,0.176,WAIT
72.59,82.09,0.1817,0.0,2461.2,8,46.1,93.3,0.455,SELL_NOW
23.43,20.4,0.0744,1000.0,2721.5,4,101.8,30.6,0.566,SELL_NOW
32.64,35.42,0.0858,5000.0,145.4,7,74.9,4.9,0.855,SELL_NOW
25.87,23.09,0.0401,0.0,2808.2,10,90.7,67.6,0.756,SELL_NOW
34.85,32.74,0.1673,0.0,2448.4,0,27.3,78.7,0.432,SELL_NOW
14.86,13.51,0.0196,0.0,2527.9,20,86.5,95.8,0.688,SELL_NOW
46.33,41.3,0.1534,0.0,370.5,9,28.9,15.8,0.619,SELL_NOW
14.73,17.87,0.2187,200.0,2242.5,0,118.5,39.2,0.213,AGGREGATE
66.02,62.25,0.2238,200.0,2883.8,6,68.1,84.4,0.311,SELL_NOW
26.36,33.31,0.1178,500.0,2067.8,13,84.1,80.7,0.407,SELL_NOW
47.8,61.42,0.1202,0.0,1754.6,4,16.0,62.5,0.276,SELL_NOW
71.61,77.74,0.0285,500.0,2842.3,16,31.6,26.9,0.235,AGGREGATE
55.56,48.42,0.171,1000.0,1384.5,20,18.5,28.4,0.152,SELL_NOW
47.31,46.71,0.2071,500.0,1838.0,5,48.0,12.4,0.886,WAIT
32.7,39.21,0.0687,5000.0,1481.4,15,35.5,92.2,0.36,STORE
33.31,32.77,0.1111,200.0,2805.3,10,88.5,17.3,0.361,WAIT
56.86,47.97,0.2113,200.0,320.6,9,14.8,57.3,0.286,SELL_NOW
79.59,85.83,0.2205,0.0,1553.2,14,90.7,58.4,0.528,WAIT
56.33,68.87,0.0684,0.0,2092.2,6,7.4,37.0,0.563,AGGREGATE
49.04,58.75,0.1421,1000.0,2396.5,1,25.8,35.3,0.287,AGGREGATE
61.15,54.27,0.0562,1000.0,1790.8,11,95.5,66.9,0.648,SELL_NOW
42.56,48.37,0.0345,5000.0,2735.9,18,89.6,38.8,0.751,SELL_NOW
14.21,12.93,0.2287,0.0,2831.8,11,58.2,25.5,0.436,SELL_NOW
49.36,44.87,0.2069,0.0,286.5,15,7.9,39.9,0.627,SELL_NOW
77.03,95.29,0.1924,1000.0,1266.9,5,74.0,80.8,0.552,SELL_NOW
22.27,20.6,0.0217,1000.0,168.0,2,50.0,96.6,0.276,SELL_NOW
58.3,54.31,0.2125,1000.0,1055.3,1,39.4,63.6,0.757,SELL_NOW
24.07,19.26,0.1151,200.0,1656.9,19,77.6,78.2,0.821,SELL_NOW
47.51,58.69,0.0922,500.0,2741.3,4,53.5,53.3,0.684,AGGREGATE
16.77,20.06,0.1412,500.0,2555.0,10,12.9,62.5,0.392,SELL_NOW
41.53,46.25,0.0319,0.0,469.7,2,110.1,98.8,0.934,SELL_NOW
62.93,73.95,0.1916,200.0,369.8,2,93.9,43.8,0.51,AGGREGATE
34.33,30.07,0.1498,1000.0,1808.9,4,8.7,6.6,0.339,SELL_NOW
56.54,58.19,0.0548,0.0,1643.1,10,64.0,95.7,0.467,SELL_NOW
65.68,64.08,0.0552,200.0,872.5,2,11.8,79.3,0.723,SELL_NOW
74.9,63.43,0.0542,5000.0,2708.4,12,100.8,39.8,0.861,SELL_NOW
26.42,27.56,0.0237,200.0,2789.4,20,74.3,98.2,0.421,SELL_NOW
37.95,47.83,0.1511,0.0,1267.6,7,22.3,34.6,0.309,AGGREGATE
20.67,16.95,0.2117,500.0,2681.9,19,4.4,37.2,0.664,SELL_NOW
79.47,75.16,0.0142,1000.0,1213.5,9,5.7,61.0,0.929,SELL_NOW
74.89,67.68,0.0218,5000.0,2236.8,1,61.9,27.4,0.265,SELL_NOW
47.8,43.93,0.1475,200.0,1480.2,3,88.7,69.9,0.823,SELL_NOW
68.94,86.47,0.2067,0.0,455.5,17,16.3,15.3,0.529,AGGREGATE
46.47,48.05,0.0884,0.0,2791.0,18,28.1,10.8,0.82,SELL_NOW
53.65,55.43,0.0939,1000.0,1416.9,3,40.6,53.5,0.555,WAIT
16.24,19.17,0.1531,0.0,2230.0,19,27.7,55.5,0.44,AGGREGATE
62.87,55.15,0.0758,0.0,1164.8,8,48.2,10.7,0.727,SELL_NOW
18.94,19.77,0.0164,1000.0,154.8,15,68.0,96.4,0.911,SELL_NOW
67.82,68.84,0.1865,5000.0,391.5,5,82.8,57.3,0.388,WAIT
64.74,71.12,0.1602,500.0,1539.0,3,115.7,15.1,0.515,AGGREGATE
59.61,77.48,0.1494,500.0,2100.9,8,111.8,31.1,0.306,AGGREGATE
12.53,14.85,0.188,200.0,1070.7,12,69.3,80.0,0.265,SELL_NOW
31.22,31.19,0.1721,5000.0,2116.9,8,88.6,52.3,0.8,WAIT
28.42,34.49,0.0594,200.0,2126.0,5,114.2,18.8,0.281,AGGREGATE
35.21,31.17,0.0946,500.0,2141.4,20,11.8,10.3,0.814,SELL_NOW
16.13,13.15,0.0403,1000.0,1528.3,18,2.7,43.1,0.486,SELL_NOW
75.59,68.2,0.0412,0.0,2753.2,13,5.5,33.7,0.996,SELL_NOW
48.77,47.31,0.1723,500.0,1518.7,20,68.5,65.6,0.278,SELL_NOW
31.39,33.12,0.2161,5000.0,1405.8,14,92.0,92.5,0.184,WAIT
37.79,41.85,0.2411,500.0,678.2,2,45.3,24.8,0.168,AGGREGATE
41.3,51.85,0.1608,5000.0,992.2,4,66.3,85.5,0.852,SELL_NOW
52.04,54.9,0.0542,5000.0,222.8,20,62.9,92.0,0.494,WAIT
46.1,48.43,0.0354,5000.0,1937.3,17,13.2,90.2,0.103,WAIT
74.36,61.35,0.2051,200.0,820.8,13,39.9,95.2,0.887,SELL_NOW
44.79,36.61,0.1489,1000.0,982.1,15,4.3,84.2,0.889,SELL_NOW
79.45,85.46,0.1584,500.0,2335.4,13,15.1,59.3,0.826,SELL_NOW
69.6,70.93,0.1976,1000.0,1048.9,8,97.8,41.0,0.323,WAIT
24.6,30.0,0.1788,0.0,802.4,14,99.9,49.2,0.435,AGGREGATE
75.14,66.15,0.2103,500.0,590.3,6,96.6,87.3,0.77,SELL_NOW
18.15,14.74,0.0235,1000.0,2347.1,13,87.8,30.1,0.54,SELL_NOW
67.22,68.87,0.1894,1000.0,476.1,5,95.6,15.9,0.238,WAIT
36.64,33.67,0.2142,0.0,1415.9,20,81.2,14.1,0.319,SELL_NOW
71.46,58.94,0.0787,5000.0,1570.1,14,81.0,82.7,0.975,SELL_NOW
70.76,82.25,0.1637,500.0,2093.4,19,80.7,76.1,0.236,SELL_NOW
66.41,56.84,0.0854,500.0,1936.5,7,62.7,49.8,0.753,SELL_NOW
65.3,72.1,0.2399,0.0,2451.1,1,44.9,27.5,0.53,AGGREGATE
31.33,29.46,0.018,5000.0,229.8,7,88.2,67.8,0.774,SELL_NOW
15.66,13.89,0.1492,500.0,959.7,0,37.2,3.8,0.695,SELL_NOW
38.21,37.82,0.05,500.0,912.4,16,66.1,56.8,0.495,SELL_NOW
22.15,26.59,0.1809,500.0,523.4,18,53.1,39.8,0.419,AGGREGATE
58.65,58.41,0.0522,5000.0,938.6,4,34.6,97.8,0.779,WAIT
34.23,40.23,0.0665,0.0,998.3,19,117.0,50.8,0.391,AGGREGATE
78.29,67.55,0.1286,500.0,1613.5,15,32.5,55.2,0.809,SELL_NOW
54.87,65.09,0.2296,1000.0,2024.7,6,38.5,71.2,0.712,SELL_NOW
67.57,62.06,0.0608,5000.0,1205.2,6,21.1,48.5,0.62,SELL_NOW
19.28,21.95,0.0446,200.0,2186.5,17,99.1,22.5,0.432,AGGREGATE
70.34,76.17,0.1922,0.0,1074.9,17,71.2,53.7,0.285,AGGREGATE
74.59,94.33,0.1301,1000.0,941.8,1,74.3,94.4,0.739,WAIT
44.09,43.81,0.2288,500.0,1669.4,14,98.8,41.0,0.182,WAIT
52.44,43.68,0.0452,200.0,168.8,13,42.5,68.0,0.973,SELL_NOW
63.54,51.44,0.165,0.0,331.4,17,24.8,97.8,0.981,SELL_NOW
22.24,26.99,0.0659,5000.0,1312.1,8,25.4,83.0,0.217,STORE
45.18,48.0,0.0476,200.0,2834.4,13,88.4,65.9,0.194,SELL_NOW
37.91,45.02,0.174,200.0,2192.4,4,74.5,73.6,0.471,SELL_NOW
20.25,18.57,0.1525,1000.0,355.6,10,26.3,93.6,0.967,SELL_NOW
35.73,34.75,0.1912,0.0,2554.3,7,19.1,96.0,0.46,SELL_NOW
14.77,12.04,0.0843,1000.0,2223.7,4,16.2,96.9,0.427,SELL_NOW
11.81,15.12,0.1175,1000.0,1871.7,10,76.1,62.6,0.733,SELL_NOW
19.46,22.07,0.1073,500.0,2478.8,4,2.0,38.5,0.261,AGGREGATE
77.42,98.06,0.2462,5000.0,1271.9,16,4.2,13.3,0.427,STORE
48.47,45.21,0.0801,200.0,742.4,3,48.0,38.6,0.362,SELL_NOW
77.61,85.81,0.0808,0.0,1584.9,14,83.6,94.3,0.641,SELL_NOW
40.27,45.88,0.0951,5000.0,1691.6,18,84.0,89.0,0.246,STORE
31.83,30.52,0.1455,5000.0,1661.1,1,52.8,52.4,0.594,WAIT
45.43,55.61,0.0706,0.0,1738.7,16,83.5,53.7,0.872,AGGREGATE
40.77,51.92,0.2297,5000.0,2851.2,11,63.5,30.9,0.563,WAIT
17.4,21.61,0.0738,500.0,2716.5,16,117.3,45.5,0.715,AGGREGATE
54.86,64.16,0.225,5000.0,2639.6,9,21.2,71.4,0.168,STORE
25.12,23.58,0.0348,500.0,2424.1,17,72.9,40.2,0.504,SELL_NOW
53.37,50.21,0.1676,200.0,2835.9,18,60.0,18.8,0.185,SELL_NOW
55.51,71.15,0.2277,200.0,385.6,17,24.9,54.1,0.64,AGGREGATE
20.64,16.62,0.0505,1000.0,868.9,12,90.5,22.5,0.353,SELL_NOW
14.29,16.55,0.2424,500.0,1535.7,13,34.5,97.4,0.359,SELL_NOW
64.65,74.55,0.1187,200.0,2555.0,15,47.0,39.0,0.169,AGGREGATE
42.19,46.88,0.237,5000.0,1565.0,17,46.2,91.0,0.379,STORE
14.07,18.22,0.1724,0.0,2269.3,17,30.8,22.6,0.556,AGGREGATE
79.64,76.13,0.0824,0.0,503.0,15,52.8,18.9,0.626,SELL_NOW
14.04,13.62,0.0552,500.0,832.0,16,57.9,61.7,0.16,SELL_NOW
58.65,49.24,0.0829,1000.0,2222.2,6,89.8,77.9,0.686,SELL_NOW
78.86,80.55,0.0323,5000.0,577.7,11,92.3,56.7,0.54,WAIT
26.74,24.88,0.0445,500.0,1118.9,1,20.7,23.0,0.583,SELL_NOW
19.96,19.39,0.0351,0.0,868.1,9,71.9,3.8,0.85,WAIT
18.5,22.52,0.1115,500.0,1114.6,4,107.8,61.8,0.408,SELL_NOW
31.23,39.59,0.2009,5000.0,2154.1,20,14.8,13.1,0.257,STORE
17.07,15.24,0.0439,200.0,1166.8,2,57.8,34.3,0.597,SELL_NOW
58.45,57.65,0.0413,5000.0,1710.3,18,90.5,67.6,0.951,WAIT
14.36,18.16,0.1644,200.0,389.8,12,74.2,9.8,0.566,AGGREGATE
45.66,37.94,0.0573,200.0,2434.6,11,13.9,12.7,0.849,SELL_NOW
79.77,67.5,0.0334,200.0,1172.7,2,48.8,6.2,0.781,SELL_NOW
66.98,59.03,0.05,500.0,1980.7,5,61.9,99.6,0.566,SELL_NOW
53.07,58.24,0.2317,0.0,2203.6,13,119.5,38.7,0.683,AGGREGATE
31.44,27.52,0.2072,500.0,708.0,3,23.1,90.6,0.466,SELL_NOW
53.67,68.92,0.095,0.0,2665.6,12,117.9,29.4,0.578,AGGREGATE
46.89,47.99,0.1674,5000.0,1887.1,18,46.4,75.3,0.557,WAIT
39.83,41.85,0.1389,1000.0,1343.3,17,25.6,21.9,0.738,SELL_NOW
19.15,17.68,0.1725,5000.0,628.8,2,50.9,49.8,0.469,SELL_NOW
72.06,74.62,0.1738,500.0,2832.7,19,74.5,82.5,0.19,SELL_NOW
41.48,46.92,0.1609,500.0,2289.7,5,27.2,81.6,0.81,SELL_NOW
23.62,27.77,0.0739,0.0,703.3,15,36.4,79.4,0.716,SELL_NOW
35.74,42.07,0.0194,500.0,1079.4,19,102.8,82.4,0.955,SELL_NOW
38.99,42.46,0.1193,200.0,2448.1,2,119.9,21.1,0.486,AGGREGATE
67.93,85.06,0.2238,500.0,2117.5,11,39.5,48.2,0.17,AGGREGATE
61.35,74.16,0.1467,0.0,2320.8,18,19.6,48.5,0.209,AGGREGATE
63.85,75.25,0.2098,0.0,1379.5,18,95.6,89.1,0.796,SELL_NOW
10.77,8.92,0.248,200.0,2177.8,3,72.9,29.7,0.161,SELL_NOW
39.13,31.44,0.0493,0.0,1220.8,0,13.8,93.1,0.917,SELL_NOW
43.69,39.6,0.176,1000.0,712.7,1,113.7,45.1,0.353,SELL_NOW
11.34,12.84,0.1718,5000.0,1934.8,12,11.2,67.0,0.909,SELL_NOW
28.19,28.34,0.2452,500.0,2930.4,12,75.8,26.9,0.796,SELL_NOW
63.22,63.3,0.2465,1000.0,1000.7,1,52.0,41.0,0.884,SELL_NOW
19.6,24.35,0.1748,500.0,1436.8,18,67.7,71.0,0.293,SELL_NOW
47.47,59.23,0.0685,1000.0,2054.6,15,27.2,51.3,0.636,AGGREGATE
25.06,31.45,0.2017,500.0,1670.4,11,83.2,93.1,0.184,SELL_NOW
10.85,10.38,0.0357,200.0,2545.9,0,115.2,73.7,0.282,SELL_NOW
26.88,30.8,0.1974,0.0,2309.1,8,56.1,56.4,0.379,AGGREGATE
78.31,73.28,0.2284,0.0,269.1,16,63.7,88.7,0.767,SELL_NOW
66.11,59.19,0.1019,200.0,2995.4,9,30.3,66.6,0.122,SELL_NOW
77.17,68.86,0.1614,1000.0,2282.0,17,107.2,64.7,0.913,SELL_NOW
44.15,42.87,0.1132,5000.0,2605.3,18,116.6,24.6,0.164,WAIT
17.68,17.95,0.1151,1000.0,1988.5,6,94.8,39.5,0.439,WAIT
48.36,58.78,0.0845,0.0,2583.2,18,66.0,68.3,0.173,SELL_NOW
41.81,35.95,0.1929,5000.0,425.9,14,114.9,89.2,0.792,SELL_NOW
69.1,80.68,0.2347,500.0,1108.4,8,20.2,31.6,0.227,AGGREGATE
16.87,17.97,0.2358,5000.0,2641.6,9,58.5,21.5,0.896,SELL_NOW
44.18,41.7,0.0519,1000.0,684.8,19,65.4,59.4,0.577,SELL_NOW
20.5,21.45,0.2199,200.0,326.9,19,60.0,6.7,0.954,SELL_NOW
32.73,31.09,0.187,500.0,2385.5,3,96.7,71.5,0.361,SELL_NOW
61.61,67.66,0.0707,1000.0,2522.9,5,81.1,70.3,0.509,SELL_NOW
43.32,44.05,0.0261,500.0,571.7,3,16.9,35.5,0.725,WAIT
36.31,32.03,0.0743,5000.0,2577.6,4,42.9,89.3,0.849,SELL_NOW
37.61,32.28,0.2289,0.0,2091.6,8,42.0,50.2,0.479,SELL_NOW
42.16,45.25,0.162,1000.0,1608.2,11,68.7,64.6,0.903,SELL_NOW
64.95,81.27,0.1831,200.0,2507.7,7,36.4,21.0,0.206,AGGREGATE
72.45,70.42,0.0717,5000.0,1315.8,20,15.8,41.7,0.738,WAIT
76.87,89.67,0.1827,1000.0,662.6,4,79.1,86.2,0.413,STORE
65.08,73.5,0.0167,200.0,926.1,10,102.4,21.3,0.191,AGGREGATE
32.08,40.6,0.1001,1000.0,1565.0,10,111.9,39.1,0.448,AGGREGATE
58.17,70.41,0.1604,5000.0,1640.9,12,116.8,31.8,0.892,SELL_NOW
40.63,44.02,0.0451,1000.0,2436.2,13,94.2,15.1,0.982,AGGREGATE
27.83,31.4,0.2075,500.0,2394.9,7,18.5,29.0,0.454,AGGREGATE
68.86,86.02,0.0664,5000.0,1786.0,17,102.7,23.3,0.898,SELL_NOW
12.69,12.69,0.1665,1000.0,2364.3,18,49.2,92.4,0.559,SELL_NOW
73.12,70.45,0.1072,0.0,656.1,11,88.1,74.1,0.745,SELL_NOW
42.3,34.07,0.1531,1000.0,245.2,11,64.7,31.6,0.141,SELL_NOW
54.6,66.25,0.0358,500.0,2633.5,17,99.8,76.3,0.602,SELL_NOW
56.15,67.41,0.0141,200.0,319.1,9,52.2,2.2,0.163,AGGREGATE
72.66,61.92,0.2283,200.0,815.4,6,9.3,52.7,0.342,SELL_NOW
54.57,59.39,0.0747,200.0,2116.4,17,67.7,25.0,0.61,AGGREGATE
52.98,54.67,0.2067,0.0,1287.4,11,22.2,11.4,0.826,SELL_NOW
14.67,12.6,0.2498,500.0,2641.3,13,115.9,88.4,0.605,SELL_NOW
46.29,59.73,0.0607,5000.0,964.1,14,64.2,19.9,0.943,SELL_NOW
20.51,18.61,0.0736,200.0,134.4,15,67.3,82.2,0.829,SELL_NOW
61.62,51.37,0.1691,500.0,971.9,1,109.1,41.3,0.241,SELL_NOW
45.86,50.32,0.2417,1000.0,1776.4,17,75.7,1.4,0.45,AGGREGATE
57.62,67.38,0.2298,0.0,1190.2,11,37.7,73.3,0.702,SELL_NOW
12.92,10.54,0.1307,500.0,1651.1,15,36.9,59.6,0.945,SELL_NOW
15.94,18.0,0.2008,500.0,2642.1,12,61.2,34.4,0.989,AGGREGATE
60.14,64.12,0.0426,5000.0,2746.2,19,104.3,28.2,0.787,SELL_NOW
15.05,12.81,0.2446,500.0,871.3,16,95.8,7.4,0.616,SELL_NOW
14.99,13.28,0.2414,5000.0,1440.2,17,115.6,94.1,0.781,SELL_NOW
10.85,11.76,0.0493,0.0,1692.5,2,10.5,49.4,0.346,AGGREGATE
76.96,72.97,0.0819,0.0,2852.4,9,33.7,8.6,0.355,SELL_NOW
61.63,78.21,0.034,1000.0,2996.0,0,11.5,86.9,0.689,SELL_NOW
34.73,42.0,0.0752,5000.0,782.7,5,90.6,27.9,0.885,SELL_NOW
30.76,39.73,0.2058,5000.0,2208.2,2,18.6,20.4,0.973,SELL_NOW
34.48,32.06,0.1008,200.0,1196.3,18,13.8,28.1,0.407,SELL_NOW
64.23,82.52,0.0312,200.0,123.5,3,68.3,56.5,0.817,SELL_NOW
56.3,57.18,0.0921,1000.0,126.8,19,50.6,7.4,0.866,SELL_NOW
22.96,22.36,0.2455,0.0,1435.6,2,86.4,48.2,0.661,WAIT
22.19,18.31,0.1611,200.0,1516.2,7,59.5,89.6,0.413,SELL_NOW
16.89,13.96,0.1099,500.0,165.5,7,52.2,18.8,0.657,SELL_NOW
56.22,64.43,0.05,0.0,2092.1,6,52.2,33.1,0.626,AGGREGATE
63.51,65.35,0.2467,500.0,952.6,1,104.9,39.6,0.646,WAIT
28.55,26.08,0.207,5000.0,1723.7,20,48.6,58.6,0.657,SELL_NOW
11.47,12.69,0.0776,0.0,972.7,5,41.3,91.9,0.862,SELL_NOW
15.75,14.59,0.0268,1000.0,584.7,15,41.9,39.5,0.253,SELL_NOW
77.75,84.66,0.0236,5000.0,1280.8,9,25.2,6.9,0.431,WAIT
30.68,30.06,0.0389,5000.0,773.6,3,103.6,34.8,0.627,WAIT
63.85,77.37,0.1494,500.0,1650.9,12,19.3,19.0,0.355,AGGREGATE
53.73,65.03,0.2329,5000.0,676.6,9,109.2,65.2,0.98,SELL_NOW
36.74,38.16,0.1292,200.0,1574.4,20,35.4,2.9,0.337,SELL_NOW
24.4,23.8,0.2123,0.0,556.4,13,108.1,29.2,0.523,WAIT
18.5,18.15,0.117,200.0,2045.8,8,95.3,54.5,0.89,WAIT
53.05,63.81,0.1801,500.0,2286.4,10,70.7,27.7,0.172,AGGREGATE
64.22,61.92,0.1856,500.0,420.1,17,81.0,55.1,0.839,WAIT
55.07,49.82,0.0518,0.0,1456.6,10,40.4,11.5,0.614,SELL_NOW
47.12,39.69,0.0967,5000.0,305.5,16,69.8,94.3,0.129,SELL_NOW
12.94,13.37,0.163,1000.0,1834.7,1,36.5,29.1,0.913,SELL_NOW
77.79,80.99,0.027,500.0,866.8,2,49.5,92.3,0.135,SELL_NOW
65.91,80.44,0.0968,0.0,1630.1,10,92.2,32.6,0.564,AGGREGATE
30.5,27.77,0.1384,1000.0,1600.6,17,30.8,78.2,0.144,SELL_NOW
78.6,77.85,0.2491,5000.0,2780.6,2,101.0,24.6,0.164,WAIT
52.13,62.78,0.1239,500.0,1692.3,14,46.4,67.0,0.898,SELL_NOW
50.77,61.52,0.2059,0.0,1790.7,10,64.8,32.4,0.789,AGGREGATE
62.37,61.89,0.1137,0.0,1264.8,10,113.2,50.9,0.277,WAIT
66.82,68.8,0.2011,0.0,2852.3,19,82.4,67.4,0.658,SELL_NOW
55.95,53.25,0.1529,500.0,2353.8,10,78.2,58.9,0.815,WAIT
18.97,24.02,0.2228,1000.0,927.7,18,86.0,57.6,0.901,SELL_NOW
33.68,28.94,0.1086,0.0,2548.2,0,110.3,6.6,0.521,SELL_NOW
74.97,94.97,0.155,5000.0,1353.9,4,31.3,24.9,0.908,SELL_NOW
25.72,29.37,0.1612,0.0,2503.1,9,74.4,57.2,0.557,AGGREGATE
36.05,38.42,0.1102,1000.0,2486.4,9,49.2,1.8,0.719,WAIT
40.25,32.85,0.0446,500.0,647.7,13,3.4,25.1,0.981,SELL_NOW
40.76,42.3,0.0325,0.0,2133.3,1,16.8,22.9,0.312,WAIT
52.91,53.11,0.014,0.0,942.9,3,40.3,25.0,0.252,WAIT
76.02,66.94,0.2196,5000.0,962.7,1,68.7,53.6,0.408,SELL_NOW
26.85,30.29,0.0668,5000.0,959.4,17,106.0,58.2,0.248,STORE
18.51,23.79,0.0608,0.0,2204.1,12,95.4,90.9,0.356,SELL_NOW
23.82,25.75,0.1866,0.0,766.5,18,67.3,38.6,0.769,AGGREGATE
72.08,83.43,0.0868,5000.0,102.6,4,10.7,92.7,0.53,WAIT
55.21,46.05,0.1315,1000.0,2174.2,19,35.7,65.2,0.438,SELL_NOW
30.01,30.28,0.049,200.0,596.4,1,45.3,91.3,0.432,SELL_NOW
67.12,57.6,0.2403,200.0,403.0,10,75.4,83.3,0.275,SELL_NOW
70.3,77.78,0.2144,0.0,788.8,17,9.7,68.8,0.503,SELL_NOW
69.26,87.9,0.2173,5000.0,1201.7,5,64.6,35.6,0.662,WAIT
74.32,84.05,0.1076,500.0,1480.1,9,108.4,24.1,0.225,AGGREGATE
27.66,23.19,0.193,500.0,229.3,16,85.2,22.2,0.976,SELL_NOW
62.85,61.43,0.0445,200.0,2914.7,10,96.1,95.2,0.499,SELL_NOW
42.24,45.42,0.0121,1000.0,2176.6,18,82.4,95.9,0.953,SELL_NOW
68.94,69.05,0.0148,200.0,1037.3,16,26.4,72.5,0.221,SELL_NOW
60.99,74.22,0.1508,0.0,1024.2,3,15.0,88.4,0.79,SELL_NOW
64.35,77.69,0.1193,1000.0,1400.8,13,99.9,91.9,0.656,SELL_NOW
55.93,61.86,0.1343,500.0,1916.1,19,84.1,51.2,0.838,AGGREGATE
22.42,22.12,0.0118,5000.0,524.5,3,69.9,62.9,0.641,WAIT
48.15,44.67,0.1114,5000.0,647.9,13,24.3,41.9,0.967,SELL_NOW
78.93,67.32,0.1823,0.0,2592.4,3,73.2,41.8,0.664,SELL_NOW
75.62,73.91,0.1162,200.0,843.1,5,5.7,3.8,0.806,WAIT
13.02,13.11,0.1857,0.0,1202.6,8,16.0,43.4,0.89,SELL_NOW
21.54,24.51,0.0659,5000.0,2626.7,20,38.8,67.3,0.743,WAIT
19.22,21.7,0.2052,500.0,2023.1,11,54.4,42.2,0.572,AGGREGATE
60.82,50.79,0.1512,5000.0,1091.0,7,16.2,87.2,0.346,SELL_NOW
67.24,67.09,0.0606,1000.0,2082.7,3,16.2,33.3,0.869,WAIT
24.95,22.22,0.0668,5000.0,157.1,4,87.7,13.3,0.533,SELL_NOW
45.41,39.89,0.1607,5000.0,2233.4,5,69.2,81.2,0.659,SELL_NOW
68.85,83.56,0.2092,1000.0,1512.3,4,65.0,67.4,0.171,SELL_NOW
61.3,50.32,0.1098,200.0,2458.2,18,55.4,24.2,0.548,SELL_NOW
47.96,48.42,0.072,5000.0,2868.4,7,117.2,53.6,0.728,WAIT
51.32,45.38,0.2181,0.0,2784.8,8,7.9,40.2,0.626,SELL_NOW
45.59,56.51,0.1706,5000.0,2736.9,14,23.3,93.9,0.504,WAIT
30.83,33.25,0.1175,0.0,1585.3,3,78.4,60.7,0.301,SELL_NOW
49.55,45.37,0.1271,1000.0,1144.4,8,18.1,15.8,0.379,SELL_NOW
58.22,61.2,0.059,5000.0,1448.6,6,71.5,50.2,0.731,WAIT
71.13,82.92,0.1604,1000.0,2100.7,7,69.0,86.3,0.302,SELL_NOW
54.54,69.76,0.0961,1000.0,2663.6,14,116.6,67.1,0.66,SELL_NOW
63.28,57.6,0.249,200.0,700.3,18,106.2,84.2,0.631,SELL_NOW
21.21,26.36,0.1252,5000.0,2762.8,14,113.6,25.0,0.973,SELL_NOW
42.31,53.61,0.1266,0.0,2464.0,4,15.4,88.8,0.155,SELL_NOW
10.65,13.4,0.1458,0.0,2938.7,18,104.4,75.6,0.197,SELL_NOW
27.27,30.48,0.23,5000.0,2652.7,6,17.2,72.9,0.555,WAIT
60.85,67.84,0.2022,200.0,911.8,5,76.7,34.7,0.574,AGGREGATE
79.43,79.55,0.1183,200.0,407.3,18,87.0,88.8,0.136,SELL_NOW
16.94,19.93,0.1825,200.0,425.5,16,21.0,63.8,0.843,SELL_NOW
38.1,40.61,0.1507,0.0,944.5,9,76.7,85.2,0.545,SELL_NOW
66.0,75.16,0.1282,1000.0,1881.1,18,8.2,36.1,0.412,AGGREGATE
24.28,24.63,0.0562,200.0,2432.5,10,36.6,14.6,0.387,WAIT
48.86,56.95,0.1213,0.0,2707.8,14,110.7,33.2,0.875,AGGREGATE
61.31,74.33,0.069,0.0,1908.9,9,22.3,45.5,0.277,AGGREGATE
53.12,46.38,0.2296,1000.0,116.3,10,9.7,53.3,0.244,SELL_NOW
23.16,28.18,0.0905,5000.0,640.3,2,54.4,51.1,0.292,STORE
34.88,37.32,0.2385,5000.0,389.2,2,102.4,54.6,0.663,WAIT
64.87,79.29,0.1379,200.0,1153.6,17,11.0,84.2,0.83,SELL_NOW
48.8,49.56,0.1616,200.0,1553.9,10,44.0,17.0,0.398,WAIT
10.37,10.26,0.1403,1000.0,225.9,19,108.2,31.6,0.256,WAIT
63.27,79.56,0.0411,200.0,1110.6,17,15.9,88.9,0.288,SELL_NOW
12.47,11.54,0.1002,1000.0,619.6,14,38.7,56.0,0.657,SELL_NOW
62.2,76.02,0.0338,0.0,1976.5,6,93.9,58.3,0.321,AGGREGATE
24.17,25.19,0.1595,200.0,1446.4,9,66.1,47.8,0.89,SELL_NOW
77.07,81.46,0.1172,0.0,1536.4,20,100.2,54.9,0.194,SELL_NOW
35.76,34.12,0.1967,500.0,1340.3,19,15.2,19.8,0.129,SELL_NOW
32.89,35.73,0.0629,1000.0,2872.5,9,110.6,54.7,0.18,AGGREGATE
20.42,19.66,0.0495,500.0,722.7,12,112.3,99.7,0.861,SELL_NOW
31.39,25.73,0.1075,200.0,1598.3,14,20.3,56.6,0.686,SELL_NOW
71.37,66.8,0.2324,0.0,2234.5,17,6.0,4.4,0.962,SELL_NOW
79.74,64.05,0.1805,200.0,1714.8,3,118.8,79.6,0.403,SELL_NOW
35.78,46.13,0.1105,500.0,2794.2,19,58.9,39.6,0.291,AGGREGATE
41.4,53.11,0.1341,200.0,1196.1,16,69.5,15.4,0.606,AGGREGATE
60.54,60.4,0.0302,5000.0,1444.7,2,74.7,86.3,0.584,WAIT
72.03,83.86,0.2463,500.0,356.7,20,95.2,19.8,0.632,WAIT
51.51,50.12,0.1699,200.0,1866.1,20,97.8,92.1,0.413,SELL_NOW
37.41,42.48,0.0785,0.0,935.8,1,24.9,44.2,0.105,AGGREGATE
38.88,46.77,0.1506,200.0,564.9,3,29.9,74.3,0.132,SELL_NOW
58.69,74.74,0.0363,0.0,1679.1,0,105.5,54.7,0.697,AGGREGATE
10.23,10.23,0.2418,5000.0,1643.7,14,98.7,25.7,0.571,WAIT
53.37,63.6,0.0519,200.0,320.0,0,74.9,67.1,0.839,SELL_NOW
34.88,32.55,0.1655,5000.0,2124.8,5,119.4,95.8,0.37,SELL_NOW
65.59,84.95,0.0689,500.0,1908.9,6,88.8,77.0,0.834,SELL_NOW
16.51,13.42,0.1822,0.0,648.2,18,27.5,60.4,0.483,SELL_NOW
51.17,56.38,0.1964,500.0,1461.4,11,101.9,99.1,0.187,SELL_NOW
43.67,49.33,0.1716,0.0,2188.9,0,50.9,26.5,0.98,AGGREGATE
54.96,62.88,0.1575,5000.0,1635.4,6,6.3,6.2,0.561,WAIT
14.54,12.51,0.2242,1000.0,1246.9,18,39.9,3.2,0.667,SELL_NOW
50.6,64.22,0.0289,200.0,1034.8,12,92.1,71.1,0.704,SELL_NOW
49.3,43.91,0.0894,5000.0,1870.1,11,115.3,83.0,0.426,SELL_NOW
49.25,54.73,0.0696,0.0,2823.4,11,34.6,63.5,0.773,SELL_NOW
52.24,47.61,0.2471,0.0,2048.1,12,31.1,90.5,0.883,SELL_NOW
57.35,54.69,0.1035,0.0,316.8,13,68.5,69.8,0.448,SELL_NOW
66.35,71.21,0.1858,0.0,1436.0,11,97.8,37.1,0.691,WAIT
28.89,29.14,0.1743,200.0,2683.4,19,90.1,18.1,0.781,SELL_NOW
67.75,59.63,0.0609,500.0,373.9,11,68.1,92.5,0.271,SELL_NOW
44.88,39.74,0.0674,1000.0,2967.7,5,76.5,10.4,0.399,SELL_NOW
15.39,15.53,0.0775,200.0,2852.3,9,30.6,54.3,0.198,WAIT
14.1,16.62,0.1087,0.0,327.0,19,53.0,31.4,0.642,AGGREGATE
33.4,41.71,0.0662,200.0,2806.9,8,32.1,27.1,0.821,AGGREGATE
64.94,54.69,0.0147,5000.0,1153.1,1,106.4,64.6,0.65,SELL_NOW
59.54,59.33,0.2211,0.0,2549.7,6,15.3,23.1,0.262,WAIT
65.2,55.43,0.2417,1000.0,1313.3,8,82.2,91.6,0.592,SELL_NOW
46.21,37.35,0.092,0.0,1378.5,11,32.7,40.6,0.851,SELL_NOW
40.81,46.15,0.0912,1000.0,1939.3,4,58.1,67.7,0.372,SELL_NOW
20.32,22.38,0.0117,1000.0,2346.0,0,37.3,72.8,0.849,SELL_NOW
32.97,29.07,0.1733,500.0,198.0,14,40.1,68.3,0.806,SELL_NOW
40.38,37.03,0.2081,500.0,1820.2,7,32.7,90.3,0.12,SELL_NOW
16.2,13.15,0.0452,200.0,641.5,0,90.8,23.1,0.316,SELL_NOW
25.44,30.98,0.0483,200.0,1103.3,17,45.2,8.6,0.589,AGGREGATE
51.88,66.78,0.1996,1000.0,1109.1,12,87.7,5.5,0.746,AGGREGATE
61.5,53.36,0.1579,0.0,1460.3,0,55.8,87.8,0.892,SELL_NOW
79.88,73.15,0.0208,5000.0,1069.0,4,66.6,97.3,0.677,SELL_NOW
75.32,92.96,0.1594,5000.0,411.3,17,66.1,30.3,0.442,STORE
54.98,69.45,0.0841,0.0,522.3,15,117.2,69.4,0.266,SELL_NOW
39.49,39.87,0.0985,0.0,197.0,9,45.3,0.9,0.784,SELL_NOW
54.53,45.01,0.1947,500.0,1463.7,3,26.5,18.9,0.286,SELL_NOW
65.0,53.28,0.2046,5000.0,2867.9,0,109.6,68.9,0.726,SELL_NOW
18.28,19.87,0.1061,1000.0,435.5,7,22.6,6.6,0.263,WAIT
38.69,38.56,0.2373,200.0,2844.2,4,100.5,46.9,0.182,WAIT
68.79,56.01,0.1076,500.0,2226.7,1,19.7,66.3,0.326,SELL_NOW
36.87,40.25,0.1952,5000.0,1948.7,16,79.7,76.6,0.356,WAIT
50.03,40.31,0.1261,0.0,1971.3,6,19.8,45.4,0.682,SELL_NOW
51.14,61.05,0.2254,5000.0,2497.5,16,110.9,63.0,0.245,STORE
22.91,21.84,0.2279,1000.0,410.1,5,68.7,54.0,0.937,WAIT
35.36,29.0,0.031,500.0,1563.8,14,40.9,5.2,0.599,SELL_NOW
33.42,36.56,0.2348,0.0,2121.6,4,18.6,74.3,0.542,SELL_NOW
11.83,11.82,0.2081,1000.0,1801.8,14,45.8,17.2,0.491,WAIT
11.69,15.05,0.1999,200.0,2515.1,17,85.2,3.2,0.61,AGGREGATE
68.22,73.14,0.0582,500.0,309.6,17,47.4,45.1,0.12,WAIT
29.11,27.3,0.2032,1000.0,2103.0,20,31.0,86.6,0.991,SELL_NOW
46.27,53.42,0.214,1000.0,1648.7,20,70.1,15.1,0.602,AGGREGATE
30.91,28.92,0.0794,0.0,1199.6,5,51.3,1.3,0.132,SELL_NOW
75.85,94.97,0.2385,200.0,1086.8,1,21.6,11.0,0.631,AGGREGATE
28.15,27.79,0.022,1000.0,1900.4,16,20.2,36.4,0.493,SELL_NOW
40.08,43.08,0.046,500.0,2683.9,20,85.5,58.0,0.122,SELL_NOW
71.09,58.67,0.139,1000.0,1538.9,3,117.0,19.3,0.932,SELL_NOW
68.94,69.84,0.1482,5000.0,2491.7,11,29.5,80.2,0.11,WAIT
23.03,28.01,0.1648,500.0,1266.3,18,93.2,75.3,0.62,SELL_NOW
66.19,79.61,0.0141,500.0,396.9,1,12.3,69.6,0.966,SELL_NOW
42.07,38.38,0.2405,1000.0,278.4,1,47.0,48.7,0.314,SELL_NOW
43.81,40.0,0.0207,0.0,248.9,13,61.8,36.5,0.329,SELL_NOW
19.34,23.38,0.0443,500.0,1202.4,14,33.7,37.6,0.1,AGGREGATE
15.64,19.79,0.0134,5000.0,1078.0,19,64.5,50.3,0.16,STORE
60.96,51.67,0.146,0.0,2182.0,1,106.1,7.7,0.14,SELL_NOW
44.75,45.87,0.2337,0.0,2254.2,3,113.4,68.2,0.84,SELL_NOW
40.58,39.31,0.1698,0.0,247.5,18,13.9,35.2,0.853,SELL_NOW
61.07,75.44,0.2074,500.0,741.3,8,34.1,22.5,0.754,AGGREGATE
63.59,53.52,0.0132,0.0,895.4,6,117.5,27.8,0.417,SELL_NOW
21.12,19.13,0.1401,1000.0,1688.1,12,33.9,18.0,0.839,SELL_NOW
52.72,62.01,0.1203,0.0,519.1,11,83.7,90.2,0.586,SELL_NOW
19.47,16.08,0.1298,5000.0,488.4,2,31.9,16.9,0.374,SELL_NOW
62.6,65.49,0.0273,200.0,2837.0,12,44.1,88.3,0.494,SELL_NOW
55.99,57.17,0.1743,5000.0,2432.2,14,24.6,57.2,0.159,WAIT
76.96,74.44,0.1308,500.0,623.9,13,103.0,86.7,0.95,SELL_NOW
14.83,14.79,0.1936,0.0,1279.0,8,106.2,47.4,0.657,WAIT
13.99,14.9,0.1265,0.0,1131.3,12,37.0,92.8,0.758,SELL_NOW
29.75,26.2,0.0459,1000.0,2393.9,3,99.2,21.1,0.709,SELL_NOW
